plot_name,usda_key,height_class,cover,#_of_individuals,page,notes
A3X-10,MIRE,1,3,,1,
A3X-10,VAPA,1,2,,1,
A3X-10,PRSE2,1,0.1,2,1,
A3X-10,HAVI,1,2,2,1,
A3X-10,ACRU,1,0.1,1,1,
A3X-10,NYSY,1,1,,1,
A3X-10,FT,1,8,,1,
A3X-10,HAVI,2,7,,1,
A3X-10,NYSY,2,3,,1,
A3X-10,HAVI,3,40,,1,
A3X-10,FT,2,10,,1,
A3X-10,FT,3,40,,1,
A3X-9,THPA,1,5,,1,
A3X-9,QURU,1,0.1,1,1,
A3X-9,MIRE,1,0.1,,1,
A3X-9,VAPA,1,6,,1,
A3X-9,SAAL,1,1,1,1,
A3X-9,ACRU,1,0.1,1,1,
A3X-9,HAVI,1,13,,1,
A3X-9,MOSS,1,0.1,,1,
A3X-9,FT,1,23,,1,
A3X-9,HAVI,2,16,,1,
A3X-9,FT,2,16,,1,
A3X-9,FT,3,0,,1,
A4X-8,THPA,1,17,,1,
A4X-8,OSCL,1,2,,1,
A4X-8,DEPU,1,2,,1,
A4X-8,MOSS,1,12,,1,
A4X-8,MEVI,1,3,,1,
A4X-8,CHMA,1,0.1,,1,
A4X-8,POAC,1,0.1,,1,
A4X-8,HAVI,1,1,4,1,
A4X-8,UVSE,1,13,,1,
A4X-8,ACRU,1,1,4,1,
A4X-8,QUMO,1,1,1,1,
A4X-8,CAALE,1,0.1,,1,
A4X-8,URDI,1,0.1,,1,
A4X-8,SAAL,1,1,1,1,
A4X-8,FRAM,1,0.1,1,1,
A4X-8,FT,1,45,,1,
A4X-8,FT,2,0,,1,
A4X-8,FT,3,0,,1,
A3X-7,GABA,1,10,,2,
A3X-7,VAPA,1,3,,2,
A3X-7,POAC,1,3,,2,
A3X-7,UVSE,1,3,,2,
A3X-7,ACRU,1,0.1,3,2,
A3X-7,MIRE,1,0.1,,2,
A3X-7,CACA,1,0.1,1,2,
A3X-7,MOSS,1,1,,2,
A3X-7,FT,1,20,,2,
A3X-7,FT,2,0,,2,
A3X-7,FT,3,0,,2,
A3X-6,CAALE,1,0.1,,2,
A3X-6,CASW,1,0.1,,2,
A3X-6,MOSS,1,7,,2,
A3X-6,ACRU,1,0.1,4,2,
A3X-6,NYSY,1,1,3,2,
A3X-6,UVSE,1,3,,2,
A3X-6,HAVI,1,1,3,2,
A3X-6,MIRE,1,3,,2,
A3X-6,EUDI,1,1,,2,
A3X-6,VAPA,1,0.1,,2,
A3X-6,CACA,1,0.1,1,2,
A3X-6,PRSE2,1,0.1,1,2,
A3X-6,FRAM,1,0.1,3,2,
A3X-6,FT,1,15,,2,
A3X-5,UVSE,1,0.1,,2,
A3X-5,EUDI,1,0.1,,2,
A3X-5,OSVI,1,3,1,2,
A3X-5,ACRU,1,0.1,1,2,
A3X-5,ARTR,1,0.1,,2,
A3X-5,SORU,1,0.1,,2,
A3X-5,POSI2,1,4,,2,
A3X-5,VIBL,1,2,,2,
A3X-5,VIOLA SPP.,1,1,,2,
A3X-5,JUNEUS,1,1,,2,
A3X-5,QUMO,1,0.1,1,2,
A3X-5,POAC,1,0.1,,2,
A3X-5,FT,1,12,,2,
A3X-5,HAVI,3,15,,2,
A3X-5,FT,3,15,,2,
A3X-5,FT,2,0,,2,
A3X-4,CACA,1,3,1,3,
A3X-4,QUMO,1,1,,3,
A3X-4,UVSE,1,10,,3,
A3X-4,POAC,1,4,,3,
A3X-4,ACRU,1,0.1,3,3,
A3X-4,ATFI,1,5,,3,
A3X-4,HAVI,1,0.1,,3,
A3X-4,MOSS,1,0.1,,3,
A3X-4,FT,1,23,,3,
A3X-3,QUMO,1,1,1,3,
A3X-3,MOSS,1,7,,3,
A3X-3,CACA,1,4,1,3,
A3X-3,UVSE,1,14,,3,
A3X-3,HAVI,1,1,1,3,
A3X-3,ATFI,1,5,,3,
A3X-3,ACRU,1,0.1,1,3,
A3X-3,FT,1,30,,3,
A3X-3,FT,2,0,,3,
A3X-2,VAPA,1,2,,3,
A3X-2,ACRU,1,0.1,2,3,
A3X-2,UVSF,1,0.1,,3,
A3X-2,SAAL,1,2,1,3,
A3X-2,FT,1,4,,3,
A3X-2,FAGR,2,5,,3,
A3X-2,FT,2,5,,3,
A3X-2,FAGR,1,0.1,,3,
A3X-2,NYSY,3,1,,3,
A3X-2,FT,3,1,,3,
A3X-1,VAPA,1,1,,3,
A3X-1,ACRU,1,0.1,3,3,
A3X-1,FAGR,2,20,,3,
A3X-1,NYSY,3,1,,3,
A3X-1,FT,1,1,,3,
A3X-1,FT,2,20,,3,
A3X-1,FT,3,1,,3,
A3-6,VIAC,1,2,2,4,
A3-6,VAPA,1,7,,4,
A3-6,GABA,1,6,,4,
A3-6,NYSY,1,1,1,4,
A3-6,FT,1,16,,4,
A3-6,FT,2,0,,4,
A3-6,FT,3,0,,4,
A3-8,ACRU,1,0.1,2,4,
A3-8,VAPA,1,0.1,,4,
A3-8,QUBE,1,0.1,1,4,
A3-8,HAVI,1,4,2,4,
A3-8,FT,1,5,,4,
A3-8,FT,2,0,,4,
A3-8,FT,3,0,,4,
A3-10,QUMO,1,0.1,1,4,
A3-10,FAGR,1,40,,4,
A3-10,VAPA,1,0.1,,4,
A3-10,FAGR,2,15,,4,
A3-10,FAGR,3,10,,4,
A3-10,FT,1,41,,4,
A3-10,FT,2,15,,4,
A3-10,FT,3,10,,4,
A3-2,VAPA,1,1,,4,
A3-2,FT,1,1,,4,
A3-2,FT,2,0,,4,
A3-2,FT,3,0,,4,
A3-1,UNKNOWN,1,,,4,
A3-1,FAGR,2,15,,4,
A3-1,FAGR,3,5,,4,
A3-1,FT,1,0,,4,
A3-1,FT,2,15,,4,
A3-1,FT,3,5,,4,
A2-1,ROMU,1,0.1,,4,
A2-1,ACRU,1,0.1,1,4,
A2-1,ACPE,1,1,1,4,
A2-1,NYSY,1,0.1,1,4,
A2-1,EUAL,1,0.1,,4,
A2-1,HAVI,1,0.1,2,4,
A2-1,FT,1,2,,4,
A2-1,HAVI,2,20,,4,
A2-1,FT,2,20,,4,
A2-2,ACPE,1,0.1,,5,
A2-2,VAPA,1,0.1,,5,
A2-2,FT,1,0.1,,5,
A2-2,HAVI,3,5,,5,
A2-2,FT,3,5,,5,
A2-3,EUAL,1,0.1,,5,
A2-3,ACRU,1,0.1,,5,
A2-3,MOSS,1,0.1,,5,
A2-3,FRAM,1,0.1,,5,
A2-3,FT,1,1,,5,
A2-3,HAVI,2,0.1,,5,
A2-5,UNKNOWN,1,0,,5,
A2-5,HAVI,2,80,,5,
A2-5,HAVI,3,5,,5,
A2-5,FT,1,0,,5,
A2-5,FT,2,80,,5,
A2-5,FT,3,5,,5,
A2-4,EUAL,1,0.1,,5,
A2-4,POAC,1,5,,5,
A2-4,FT,1,6,,5,
A2-4,HAVI,2,15,,5,
A2-4,FT,3,15,,5,
A2X-10,POAC,1,2,,5,
A2X-10,HAVI,1,0.1,1,5,
A2X-10,MOSS,1,4,,5,
A2X-10,ACRU,1,0.1,1,5,
A2X-10,FT,1,6,,5,
A2X-10,HAVI,2,1,,5,
A2X-10,ACRU,2,2,,5,
A2X-10,FT,2,2,,5,
A2X-9,HAVI,1,20,1,5,
A2X-9,NYSY,1,20,3,5,
A2X-9,FT,1,40,,5,
A2X-9,FT,2,0,,5,
A2X-9,FT,3,0,,5,
A2X-8,ACRU,1,1,2,5,
A2X-8,NYSY,1,6,,5,
A2X-8,MOSS,1,11,,5,
A2X-8,FT,1,18,,5,
A2X-8,FT,2,0,,5,
A2X-8,FT,3,0,,5,
A3-7,HAVI,1,0.1,1,6,
A3-7,HAVI,2,1,,6,
A3-7,MOSS,1,0.1,,6,
A3-7,HAVI,3,50,,6,
A3-7,FT,1,0.1,,6,
A3-7,FT,2,1,,6,
A3-7,FT,3,50,,6,
A3-9,VAPA,1,0.1,,6,
A3-9,QURU,1,0.1,2,6,
A3-9,QUMO,1,0.1,1,6,
A3-9,GABA,1,1,,6,
A3-9,MOSS,1,1,,6,
A3-9,FT,1,3,,6,
A3-9,FT,2,0,,6,
A3-9,FT,3,0,,6,
A3-5,MOSS,1,2,,6,
A3-5,FT,1,2,,6,
A3-5,FT,2,0,,6,
A3-5,FT,3,0,,6,
A3-4,ACRU,1,0.1,4,6,
A3-4,VAPA,1,0.1,,6,
A3-4,FAGR,1,2,1,6,
A3-4,MOSS,1,0.1,,6,
A3-4,RHPE,1,1,,6,
A3-4,HAVI,3,9,,6,
A3-4,FT,1,4,,6,
A3-4,FT,2,9,,6,
A3-4,FT,3,0,,6,
A3-3,MOSS,1,0.1,,6,
A3-3,ACRU,1,0.1,1,6,
A3-3,FT,1,0.1,,6,
A3-3,FT,2,0,,6,
A3-3,FT,3,0,,6,
A2-10,ACRU,1,0.1,1,6,
A2-10,VAPA,1,3,,6,
A2-10,CASW,1,1,,6,
A2-10,MACA,1,3,,6,
A2-10,HAVI,1,1,1,6,
A2-10,EUAL13,1,0.1,,6,
A2-10,HAVI,2,1,,6,
A2-10,BELE,3,1,,6,
A2-10,FT,1,8,,6,
A2-10,FT,2,1,,6,
A2-10,FT,3,1,,6,
A2X-7,PAQU,1,2,,7,
A2X-7,TORA,1,1,,7,
A2X-7,NYSY,1,5,,7,
A2X-7,FT,1,8,,7,
A2X-7,NYSY,2,5,,7,
A2X-7,NYSY,3,5,,7,
A2X-7,FT,2,5,,7,
A2X-7,FT,3,5,,7,
A2X-6,MOSS,1,0.1,,7,TREE FELL ON PLOTS AND QUADRATS WERE RE ESTABLISHED
A2X-6,FRAM,1,0.1,,7,TREE FELL ON PLOTS AND QUADRATS WERE RE ESTABLISHED
A2X-6,BETH,1,0.1,,7,TREE FELL ON PLOTS AND QUADRATS WERE RE ESTABLISHED
A2X-6,MIRE,1,0.1,,7,TREE FELL ON PLOTS AND QUADRATS WERE RE ESTABLISHED
A2X-6,FT,1,0.1,,7,TREE FELL ON PLOTS AND QUADRATS WERE RE ESTABLISHED
A2X-6,FT,2,0,,7,TREE FELL ON PLOTS AND QUADRATS WERE RE ESTABLISHED
A2X-6,FT,3,0,,7,TREE FELL ON PLOTS AND QUADRATS WERE RE ESTABLISHED
A2X-5,EUAL,1,0.1,,7,
A2X-5,NYSY,1,0.1,,7,
A2X-5,HAVI,1,12,,7,
A2X-5,ACSA,2,2,,7,
A2X-5,HAVI,2,8,,7,
A2X-5,ACSA,3,5,,7,
A2X-5,FT,1,12,,7,
A2X-5,FT,2,10,,7,
A2X-5,FT,3,5,,7,
A2X-4,NYSY,1,3,1,7,
A2X-4,MIRE,1,1,,7,
A2X-4,NYSY,2,1,,7,
A2X-4,ACSA,2,3,,7,
A2X-4,FT,1,4,,7,
A2X-4,FT,2,4,,7,
A2X-4,FT,3,0,,7,
A2X-3,NYSY,1,11,,7,
A2X-3,EUDI,1,3,,7,
A2X-3,MOSS,1,0.1,,7,
A2X-3,HAVI,1,3,,7,
A2X-3,FT,1,17,,7,
A2X-3,FT,2,0,,7,
A2X-3,FT,3,0,,7,
A2-9,QURU,1,0.1,1,8,
A2-9,CACO7,1,0.1,,8,
A2-9,FT,1,0.1,,8,
A2-9,FT,2,0,,8,
A2-9,FT,3,0,,8,
A2-8,EUDI,1,0.1,,8,
A2-8,ACRU,1,0.1,2,8,
A2-8,MOSS,1,0.1,,8,
A2-8,ACRU,2,3,,8,
A2-8,BELE,2,5,,8,
A2-8,FT,1,1,,8,
A2-8,FT,2,8,,8,
A2-8,FT,3,0,,8,
A2-7,SAAL,1,2,1,8,
A2-7,VAPA,1,0.1,,8,
A2-7,UVSE,1,1,,8,
A2-7,ACRU,1,0.1,1,8,
A2-7,FRAM,1,0.1,1,8,
A2-7,EUAL13,1,0.1,,8,
A2-7,HAVI,1,0.1,1,8,
A2-7,PRSE2,1,0.1,,8,
A2-7,HAVI,2,5,,8,
A2-7,FT,1,4,,8,
A2-7,FT,2,5,,8,
A2-7,FT,3,0,,8,
A2-6,POAC,1,4,,8,ONLY ONE FLAG VISIBLE IN QUADRAT
A2-6,HAVI,1,30,,8,
A2-6,NYSY,3,3,,8,
A2-6,FT,1,34,,8,
A2-6,FT,2,0,,8,
A2-6,FT,3,3,,8,
A2X-1,FRAM,1,1,3,8,
A2X-1,HAVI,1,0.1,1,8,
A2X-1,POPU,1,2,,8,
A2X-1,MOSS,1,0.1,,8,
A2X-1,UVSE,1,0.1,,8,
A2X-1,NYSY,3,2,,8,
A2X-1,FT,1,6,,8,
A2X-1,FT,2,0,,8,
A2X-1,FT,3,2,,8,
A2X-2,ASTER,1,3,,8,
A2X-2,TIAM,1,4,1,8,
A2X-2,MOSS,1,2,,8,
A2X-2,NYSY,1,5,,8,
B1-5,BELE,1,6,1,9,
B1-5,POAC,1,8,,9,
B1-5,HAVI,1,1,1,9,
B1-5,QURU,1,1,1,9,
B1-5,NYSY,1,0.1,,9,
B1-5,HAVI,2,4,,9,
B1-5,FT,1,16,,9,
B1-5,FT,2,4,,9,
B1-5,FT,3,0,,9,
B1-3,ACSA,1,0.1,1,9,
B1-3,ACSA,2,3,,9,
B1-3,ACSA,3,6,,9,
B1-3,FT,1,0.1,,9,
B1-3,FT,2,3,,9,
B1-3,FT,3,6,,9,
B1-10,BELE,2,0.1,,9,
B1-10,BELE,3,5,,9,
B1-10,FT,1,0,,9,
B1-10,FT,2,0.1,,9,
B1-10,FT,3,5,,9,
B1-9,QUMO,1,1,1,9,
B1-9,VAPA,1,1,,9,
B1-9,FT,1,2,,9,
B1-9,QUMO,3,10,,9,
B1-9,FT,3,10,,9,
B1-9,FT,2,0,,9,
B1-7,HAVI,1,4,1,9,
B1-7,HAVI,2,6,,9,
B1-7,ACSA,3,15,,9,
B1-7,FT,1,4,,9,
B1-7,FT,2,6,,9,
B1-7,FT,3,15,,9,
A2X-2,TORA2,1,1,,10,
A2X-2,HAVI,1,0.1,,10,
A2X-2,UVSE,1,0.1,,10,
A2X-2,VITIS,1,0.1,,10,
A2X-2,SOCA,1,0.1,,10,
A2X-2,NYSY,2,10,,10,
A2X-2,NYSY,3,2,,10,
A2X-2,FT,1,13,,10,
A2X-2,FT,2,10,,10,
A2X-2,FT,3,2,,10,
B1-4,ASTER,1,2,,10,
B1-4,ACRU,1,0.1,2,10,
B1-4,HAVI,1,0.1,1,10,
B1-4,EUAL13,1,0.1,,10,
B1-4,MIRE,1,0.1,,10,
B1-4,TSCA,2,1,,10,
B1-4,TSCA,3,5,,10,
B1-4,FT,1,2,,10,
B1-4,FT,2,1,,10,
B1-4,FT,3,5,,10,
B1-2,TSCA,2,7,,10,
B1-2,TSCA,3,3,,10,
B1-2,FT,1,0,,10,
B1-2,FT,2,7,,10,
B1-2,FT,3,3,,10,
B1-1,POAC,1,2,,10,
B1-1,HAVI,2,33,,10,
B1-1,FT,1,2,,10,
B1-1,FT,2,33,,10,
B1-1,FT,3,3,,10,
B1-1,ACSA,3,3,,10,
B1-8,QURU,1,0.1,,10,
B1-8,POAC,1,0.1,,10,
B1-8,FT,1,1,,10,
B1-8,FT,2,0,,10,
B1-8,FT,3,16,,10,
B1-8,HAVI,3,8,,10,
B1-8,FAGR,3,10,,10,
B1-6,BELE,1,1,,10,
B1-6,HAVI,1,3,,10,
B1-6,BELE,2,11,,10,
B1-6,BELE,3,8,,10,
B1-6,HAVI,3,12,,10,
B1-6,FT,1,4,,10,
B1-6,FT,2,14,,10,
B1-6,FT,3,20,,10,
A4X-7,NYSY,1,6,3,11,
A4X-7,VAPA,1,3,,11,
A4X-7,ACRU,1,0.1,1,11,
A4X-7,FT,1,9,,11,
A4X-7,BELE,2,6,,11,
A4X-7,FT,2,6,,11,
A4X-7,BELE,3,8,,11,
A4X-7,FT,3,8,,11,
A4-7,BELE,1,10,6,11,
A4-7,PAQU4,1,1,,11,
A4-7,CACO7,1,2,,11,
A4-7,LITU,1,0.1,1,11,
A4-7,SOCA,1,1,,11,
A4-7,HAVI,1,0.1,2,11,
A4-7,ROMU,1,0.1,8,11,
A4-7,PBAL,1,5,,11,
A4-7,ACRU,1,0.1,7,11,
A4-7,MOSS,1,0.1,,11,
A4-7,UNKOWN,1,0.1,,11,
A4-7,MIVI,1,0.1,,11,
A4-7,GAAP,1,2,,11,
A4-7,FRAM,1,1,2,11,
A4-7,CAIM,1,0.1,,11,
A4-7,EUTE,1,0.1,,11,
A4-7,TORA4,1,0.1,,11,
A4-7,CAALE,1,2,,11,
A4-7,CAPR,1,1,,11,
A4-7,SEGR,1,2,,11,
A4-7,HAVI,2,10,,11,
A4-7,SORU,1,1,,11,
A4-7,VIAC,1,0.1,,11,
A4-7,FT,1,25,,11,
A4-7,FT,2,10,,11,
A4-7,HAVI,3,15,,11,
A4-7,FT,3,15,,11,
A4-9,ONSE,1,25,,11,ONLY TWO FLAGS WERE FOUND AND THERE WAS SIG
A4-9,POSA,1,5,,11,
A4-9,THPA,1,10,,11,
A4-9,MOSS,1,5,,11,
A4-9,EQAR,1,25,,11,
A4-9,ASVI,1,2,,11,
A4-9,GAAP,1,2,,11,
A4-9,MIVI,1,60,,11,
A4-9,CAST5,1,4,,11,
A4-9,CASC,1,2,,11,
B3X-7,BELE,2,25,,12,
B3X-7,FT,2,25,,12,
B3X-7,FT,3,0,,12,
A4X-10,LITU,1,2,3,12,
A4X-10,BELE,1,3,0,12,
A4X-10,NYSY,1,4,1,12,
A4X-10,VAPA,1,2,,12,
A4X-10,HAVI,1,1,2,12,
A4X-10,FT,1,12,,12,
A4X-10,BELE,2,20,,12,
A4X-10,NYSY,2,0.1,,12,
A4X-10,LITU,2,1,,12,
A4X-10,FT,2,20,,12,
A4X-10,BELE,3,30,,12,
A4X-10,LITU,3,15,,12,
A4X-10,FT,3,45,,12,
A4X-9,PAQU4,1,3,,12,
A4X-9,VAPA,1,2,,12,
A4X-9,NYSY,1,6,,12,
A4X-9,BELE,1,2,2,12,
A4X-9,FAGR,2,30,,12,
A4X-9,HAVI,1,0.1,1,12,
A4X-9,ACRU,1,0.1,1,12,
A4X-9,FT,1,13,,12,
A4X-9,BELE,2,0.1,,12,
A4X-9,FT,2,30,,12,
A4X-9,FAGR,3,50,,12,
A4X-9,FAGR,3,50,,12,
A4X-8,BELE,1,30,2,12,
A4X-8,ARTR,1,0.1,,12,
A4X-8,NYSA,1,2,1,12,
A4X-8,DEPU,1,1,1,12,
A4X-8,ACRU,1,0.1,1,12,
A4X-8,PAQU4,1,0.1,,12,
A4X-8,LITU,1,1,1,12,
A4X-8,MOSS,1,1,,12,
A4X-8,FAGR,1,5,,12,
A4X-8,SORU2,1,0.1,,12,
A4X-8,FT,1,40,,12,
A4X-8,FAGR,2,12,,12,
A4X-8,FT,2,15,,12,
A4X-8,BELE,2,3,,12,
A4X-8,BELE,3,5,,12,
A4X-8,FT,3,5,,12,
C4X-5,GABA,1,11,,13,
C4X-5,VAPA,1,4,,13,
C4X-5,QURU,1,1,1,13,
C4X-5,NYSY,1,3,,13,
C4X-5,MOSS,1,0.1,,13,
C4X-5,FT,1,19,,13,
C4X-5,NYSY,2,2,,13,
C4X-5,FT,2,2,,13,
C4X-5,FT,3,0,,13,
C4X-4,NYSY,1,7,1,13,
C4X-4,VAPA,1,10,,13,
C4X-4,GABA,1,4,,13,
C4X-4,MOSS,1,0.1,,13,
C4X-4,QUMO,1,1,1,13,
C4X-4,QURU,1,0.1,1,13,
C4X-4,FT,1,20,,13,
C4X-4,FT,2,0,,13,
C4X-4,FT,3,0,,13,
A1-6,LOTA,1,10,,13,
A1-6,EUAL13,1,8,,13,
A1-6,ROMU,1,15,,13,
A1-6,POSI,1,4,,13,
A1-6,MIRE,1,10,,13,
A1-6,POAC,1,4,,13,
A1-6,OSCL,1,1,,13,
A1-6,LUMU,1,25,,13,
A1-6,AMBR,1,1,,13,
A1-6,EUDI5,1,3,,13,
A1-6,SIAN,1,1,,13,
A1-6,GAAP,1,2,,13,
A1-6,MIVI,1,0.1,,13,
A1-6,GAPA,1,0.1,,13,
A1-6,CEAR,1,1,,13,CERASTINA ARVENSE- NEW SPECIES NOT IN DATA BASE
A1-6,CARD,1,1,,13,
A1-6,VITUS,1,0.1,,13,
A1-6,PRAL,1,0.1,,13,
A1-6,UNKOWN ,1,1,,13,ASTER SPP.
A1-6,RAAB,1,0.1,,13,
A1-6,ASVI,1,1,,13,
A1-6,SORU,1,3,,13,
A1-6,EUAL,2,20,,13,
A1-6,ROMU,2,10,,13,
A1-6,HAVI,2,5,,13,
A1-6,FT,1,75,,13,
A1-6,FT,2,35,,13,
A1-6,FT,3,0,,13,
A4-9,OXACIS,1,0.1,,14,
A4-9,FT,1,100,,14,
A4-9,SORU,1,2,1,14,
A4-9,EPOIG,1,1,,14,
A4-9,TORA,1,1,,14,
A4-9,PIPU,1,0.1,,14,
A4-9,FT,2,0,,14,
A4-9,FT,3,0,,14,
A4-8,FT,1,100,,14,
A4-8,ROMU,2,0.1,,14,
A4-8,ONSE,1,95,,14,
A4-8,GAAP,1,2,,14,
A4-8,POSA,1,1,,14,
A4-8,ROMU,1,1,,14,
A4-8,EQAR,1,0.1,,14,
A4-8,ASVI,1,0.1,,14,
A4-8,MIVI,1,3,,14,
A4-8,CAIM,1,0.1,,14,
A4-8,FT,2,0.1,,14,
A4-8,HAVI,3,1,,14,
A4-8,FT,3,1,,14,
C4X-1,VAPA,1,3,,15,
C4X-1,BELE,1,20,13,15,
C4X-1,MOSS,1,4,,15,
C4X-1,NYSY,1,12,4,15,
C4X-1,ACRU,1,0.1,1,15,
C4X-1,FT,1,35,,15,
C4X-1,BELE,2,8,,15,
C4X-1,NYSE,2,70,,15,
C4X-1,FT,2,72,,15,
C4X-1,FT,3,6,,15,
C4X-1,FAGR,3,1,,15,
C4X-1,NYSY,3,5,,15,
C4X-2,BELE,1,25,7,15,
C4X-2,MOSS,1,5,,15,
C4X-2,HAVI,1,0.1,3,15,
C4X-2,QUMO,1,0.1,1,15,
C4X-2,NYSY,1,18,2,15,
C4X-2,FT,1,55,,15,
C4X-2,BELE,2,10,,15,
C4X-2,NYSY,2,60,,15,
C4X-2,HAVI,2,20,,15,
C4X-2,FT,2,85,,15,
C4X-2,NYSY,3,20,,15,
C4X-2,FT,3,20,,15,
C4X-3,VAPA,1,8,,15,
C4X-3,QUMO,1,1,2,15,
C4X-3,HAVI,1,3,,15,
C4X-3,NYSY,1,18,,15,
C4X-3,VAST,1,3,,15,
C4X-3,BELE,1,0.1,,15,
C4X-3,FT,1,35,,15,
C4X-3,NYSY,2,10,,15,
C4X-3,HAVI,2,1,,15,
C4X-3,FT,2,10,,15,
C4X-3,FT,3,0,,15,
C4X-10,NYSY,1,17,2,16,
C4X-10,BELE,1,0.1,1,16,
C4X-10,HAVI,1,1,4,16,
C4X-10,GABA,1,3,,16,
C4X-10,VAPA,1,0.1,,16,
C4X-10,FAGR,2,2,,16,
C4X-10,NYSY,2,5,,16,
C4X-10,FT,1,20,,16,
C4X-10,FT,2,7,,16,
C4X-10,FT,3,0,,16,
C4X-9,ACRU,1,16,2,16,
C4X-9,NYSY,1,6,,16,
C4X-9,HAVI,1,0.1,1,16,
C4X-9,GABA,1,2,,16,
C4X-9,VAPA,1,0.1,,16,
C4X-9,NYSY,2,4,,16,
C4X-9,HAVI,2,1,,16,
C4X-9,HAVI,3,5,,16,
C4X-9,FT,1,24,,16,
C4X-9,FT,2,5,,16,
C4X-9,FT,3,5,,16,
C4X-8,VAST,1,16,,16,
C4X-8,BELE,1,5,,16,
C4X-8,VAPA,1,1,,16,
C4X-8,HAVI,2,5,,16,
C4X-8,HAVI,3,4,,16,
C4X-8,FT,1,27,,16,
C4X-8,FT,2,5,,16,
C4X-8,FT,3,4,,16,
C4X-7,GABA,1,6,,16,
C4X-7,NYSY,1,4,,16,
C4X-7,VAPA,1,3,,16,
C4X-7,ACRU,1,1,,16,
C4X-7,QUMO,1,1,2,16,
C4X-7,MOSS,1,0.1,,16,
C4X-7,ACRU,2,10,,16,
C4X-7,FT,1,15,,16,
C4X-7,FT,2,10,,16,
C4X-7,FT,3,0,,16,
C4X-6,VAST,1,4,,16,
C4X-6,GABA,1,6,,16,
C4X-6,NYSY,1,20,,16,
C4X-6,ACRU,1,1,1,16,
C4X-6,FT,1,31,,16,
C4X-6,FT,2,0,,16,
C4X-6,FT,3,0,,16,
C4-10,GABA,1,19,,17,
C4-10,HAVI,1,1,1,17,
C4-10,ACRU,1,0.1,1,17,
C4-10,VAPA,1,3,,17,
C4-10,FT,1,23,,17,
C4-10,FT,2,0,,17,
C4-10,FT,3,0,,17,
C4-9,GABA,1,19,,17,
C4-9,MOSS,1,7,,17,
C4-9,VAPA,1,0.1,,17,
C4-9,HAVI,1,0.1,2,17,
C4-9,FT,1,23,,17,
C4-9,FT,2,0,,17,
C4-9,FT,3,0,,17,
C4-8,QUMO,1,1,1,17,
C4-8,VAPA,1,3,,17,
C4-8,GABA,1,6,,17,
C4-8,QURU,1,1,,17,
C4-8,MOSS,1,2,,17,
C4-8,HAVI,1,0.1,1,17,
C4-8,VIAC,1,0.1,1,17,
C4-8,FT,1,15,,17,
C4-8,FT,2,25,,17,
C4-8,FT,3,0,,17,
C4-8,RHPE4,1,2,,17,
C4-8,HAVI,2,25,,17,
C4-7,HAVI,1,3,2,17,
C4-7,QUMO,1,3,1,17,
C4-7,VAPA,1,8,,17,
C4-7,MOSS,1,0.1,,17,
C4-7,GABA,1,2,,17,
C4-7,HAVI,2,11,,17,
C4-7,HAVI,3,6,,17,
C4-7,FT,1,16,,17,
C4-7,FT,2,11,,17,
C4-7,FT,3,6,,17,
C4-6,HAVI,1,1,3,17,
C4-6,QUMO,1,5,2,17,
C4-6,GABA,1,19,,17,
C4-6,VAPA,1,3,,17,
C4-6,MOSS,1,0.1,,17,
C4-6,FT,1,26,,17,
C4-6,FT,2,0,,17,
C4-6,FT,3,0,,17,
C4-1,BELE,1,40,12,18,
C4-1,FAGR,1,30,,18,
C4-1,ACRU,1,0.1,1,18,
C4-1,UVSE,1,2,,18,
C4-1,VAPA,1,15,,18,
C4-1,QUMO,1,1,1,18,
C4-1,HAVI,1,16,2,18,
C4-1,FT,1,60,,18,
C4-1,FAGR,2,80,,18,
C4-1,BELE,2,25,,18,
C4-1,FT,2,85,,18,
C4-1,FAGR,3,50,,18,
C4-1,FT,3,50,,18,
C4-2,QUMO,1,4,4,18,
C4-2,GABA,1,8,,18,
C4-2,HAVI,1,0.1,1,18,
C4-2,FT,1,12,,18,
C4-2,ACRU,2,15,,18,
C4-2,FT,2,15,,18,
C4-2,ACRU,3,10,,18,
C4-2,FT,3,10,,18,
C4-3,VAST,1,7,,18,
C4-3,GABA,1,40,,18,
C4-3,VAPA,1,15,,18,
C4-3,HAVI,1,1,2,18,
C4-3,QURU,1,3,2,18,
C4-3,FT,1,65,,18,
C4-3,FT,2,0,,18,
C4-1,QURU,1,0.1,,18,
C4-1,HAVI,1,0.1,3,18,
C4-1,MOSS,1,3,,18,
C4-1,BELE,1,0.1,1,18,
C4-1,UNKOWN ,1,0.1,,18,
C4-1,FT,1,4,,18,
C4-1,ACRU,2,25,,18,
C4-1,FT,2,24,,18,
C4-1,FT,3,0,,18,
C4-5,VAPA,1,10,,18,
C4-5,GABA,1,15,,18,
C4-5,MOSS,1,2,,18,
C4-5,BELE,1,4,1,18,
C4-5,VIAC,1,0.1,,18,
C4-5,ACRU,1,0.1,1,18,
C4-5,FT,1,30,,18,
C4-5,FT,2,0,,18,
C4-5,FT,3,0,,18,
A1X-10,ACSA,1,2,1,19,
A1X-10,ACRU,1,3,1,19,
A1X-10,PAQU,1,4,,19,
A1X-10,ROMU,1,3,,19,
A1X-10,HAVI,1,0.1,1,19,
A1X-10,MIRE,1,0.1,,19,
A1X-10,PRSE,1,1,2,19,
A1X-10,EUDI,1,0.1,,19,
A1X-10,VITUS,1,0.1,,19,
A1X-10,EUAL,1,0.1,1,19,
A1X-10,FRAM,1,1,,19,
A1X-10,FRAM,2,10,,19,
A1X-10,ACSA,2,5,,19,
A1X-10,ROMU,2,3,,19,
A1X-10,FT,1,14,,19,
A1X-10,FT,2,18,,19,
A1X-10,FT,3,0,,19,
A1X-9,PAQU,1,10,,19,
A1X-9,TORA2,1,3,,19,
A1X-9,FRAM,1,12,,19,
A1X-9,ROMU,1,3,,19,
A1X-9,BETH,1,3,,19,
A1X-9,EUDI,1,6,,19,
A1X-9,MOSS,1,0.1,,19,
A1X-9,CEOR,1,1,,19,
A1X-9,LITU,1,1,1,19,
A1X-9,FRAM,2,12,,19,
A1X-9,ROMU,2,3,,19,
A1X-9,ACSA,2,4,,19,
A1X-9,ROMU,3,5,,19,
A1X-9,FRAM,3,10,,19,
A1X-9,FT,1,39,,19,
A1X-9,FT,2,26,,19,
A1X-9,FT,3,5,,19,
A1X-8,TORA2,1,20,,19,
A1X-8,NYSY,1,13,,19,
A1X-8,PAQU,1,9,,19,
A1X-8,GAAP,1,0.1,,19,
A1X-8,EUDI,1,0.1,,19,
A1X-8,ACRU,1,7,1,19,
A1X-8,FRAM,1,1,,19,
A1X-8,CEOR,1,0.1,,19,
A1X-8,ACRU,2,20,,19,
A1X-8,FRAM,2,0.1,,19,
A1X-8,ACRU,3,10,,19,
A1X-8,FT,1,50,,19,
A1X-8,FT,2,20,,19,
A1X-8,FT,3,10,,19,
A1X-7,TORA2,1,11,,20,
A1X-7,BETH,1,70,,20,
A1X-7,NYSY,1,5,,20,
A1X-7,EUDI,1,0.1,,20,
A1X-7,SOCA,1,0.1,,20,
A1X-7,PAQU,1,0.1,,20,
A1X-7,BETH,2,0.1,,20,
A1X-7,NYSY,2,2,,20,
A1X-7,BELE,3,10,,20,
A1X-7,NYSY,3,20,,20,
A1X-7,FRAM,3,20,,20,
A1X-7,FT,1,86,,20,
A1X-7,FT,2,2,,20,
A1X-7,FT,3,50,,20,
A1X-6,TORA2,1,1,,20,
A1X-6,PAQU,1,6,,20,
A1X-6,OSCL,1,10,,20,
A1X-6,ARTR,1,2,,20,
A1X-6,BETH,1,2,,20,
A1X-6,GAAP,1,1,,20,
A1X-6,ROMU,1,2,,20,
A1X-6,CEOR,1,2,,20,
A1X-6,HAVI,2,7,,20,
A1X-6,NYSY,2,6,,20,
A1X-6,FRAM,2,2,,20,
A1X-6,FRAM,3,10,,20,
A1X-6,NYSY,3,5,,20,
A1X-6,FT,1,26,,20,
A1X-6,FT,2,15,,20,
A1X-6,FT,3,15,,20,
A1X-3,TORA2,1,45,,20,
A1X-3,PAQU,1,4,,20,
A1X-3,FRAM,1,5,,20,
A1X-3,RUAL,1,9,,20,
A1X-3,EUAL,1,5,,20,
A1X-3,HAVI,1,10,2,20,
A1X-3,GAAP,1,0.1,,20,
A1X-3,ACSA,1,0.1,,20,
A1X-3,EUAL,2,10,,20,
A1X-3,ACSA,2,1,,20,
A1X-3,ACSA,3,5,,20,
A1X-3,NYSY,3,5,,20,
A1X-3,EUAL,3,15,,20,
A1X-3,SAAL,3,5,,20,
A1X-3,FT,1,80,,20,
A1X-3,FT,2,11,,20,
A1X-3,FT,3,25,,20,
A1X-1,ROMU,2,10,,21,
A1X-1,FRAM,1,12,1,21,
A1X-1,TORA2,1,0.1,,21,
A1X-1,NYSY,2,15,,21,
A1X-1,EUDI16,1,0.1,,21,
A1X-1,ACRU,1,2,,21,
A1X-1,FT,1,55,,21,
A1X-1,BETH,2,15,,21,
A1X-1,ACRU,2,12,,21,
A1X-1,EUAL13,2,15,,21,
A1X-1,FRAM,2,5,,21,
A1X-1,ROMU,3,0.1,,21,
A1X-1,FT,2,50,,21,
A1X-1,EUAL13,3,20,,21,
A1X-1,NYSY,3,90,,21,
A1X-1,FT,2,45,,21,
A1X-2,POAC,1,4,,21,ONLY ONE FLAG-REESTABLISHED PLOT
A1X-2,PAQU4,1,5,,21,
A1X-2,ROSA,1,25,,21,
A1X-2,EUDI16,1,4,,21,
A1X-2,MIRE,1,3,,21,
A1X-2,TORA2,1,2,,21,
A1X-2,FRAM,2,2,,21,
A1X-2,BETH,1,3,,21,
A1X-2,ACRU,2,15,,21,
A1X-2,GAPA,1,0.1,,21,
A1X-2,EUAL,1,0.1,,21,
A1X-2,FT,1,45,,21,
A1X-2,ROSA,2,25,,21,
A1X-2,NYSY,2,5,,21,
A1X-2,FT,2,45,,21,
A1X-2,NYSY,3,70,,21,
A1X-2,ACRU,3,10,,21,
A1X-2,FRAM,3,15,,21,
A1X-2,FT,3,75,,21,
A1X-4,OSCL,1,20,,21,
A1X-4,PAQU4,1,8,,21,
A1X-4,EUDI16,1,2,,21,
A1X-4,TORA2,1,4,,21,
A1X-4,ACRU,1,2,1,21,
A1X-4,LITU,1,5,1,21,
A1X-4,FT,1,43,,21,
A1X-4,FRAM,1,2,,21,
A1X-4,VIDE,1,3,,21,
A1X-4,FRAM,2,30,,21,
A1X-4,FT,2,30,,21,
A1X-4,LITU,3,3,,21,
A1X-4,FRAM,3,30,,21,
A1X-4,FT,3,33,,21,
A1X-5,TORA2,1,5,,22,
A1X-5,OSCL,1,25,,22,
A1X-5,POAC,1,8,,22,
A1X-5,PAQU4,1,1,,22,
A1X-5,VAPA,1,0.1,,22,
A1X-5,NYSY,1,0.1,,22,
A1X-5,FRAM,1,1,,22,
A1X-5,HAVI,2,15,,22,
A1X-5,FT,1,40,,22,
A1X-5,ACSA,2,6,,22,
A1X-5,FT,2,20,,22,
A1X-5,HAVI,3,80,,22,
A1X-5,EUAL13,3,20,,22,
A1X-5,FT,3,90,,22,
A1-9,PAQU,1,4,,23,
A1-9,BETH,1,25,,23,
A1-9,EUDI,1,6,,23,
A1-9,AMBR,1,2,,23,
A1-9,FRAM,1,10,4,23,
A1-9,ROMU,1,0.1,,23,
A1-9,MOSS,1,0.1,,23,
A1-9,ARTR,1,1,,23,
A1-9,EUAL,1,2,,23,
A1-9,RHCA,1,2,,23,
A1-9,BETH,2,10,,23,
A1-9,ROMU,3,50,,23,
A1-9,FT,1,45,,23,
A1-9,FT,2,38,,23,
A1-9,FT,3,50,,23,
A1-9,EUAL,2,2,,23,
A1-9,ROMU,2,25,,23,
A1-9,RHCA,2,1,,23,
A1-9,RHCA,3,0.1,,23,
A1-10,POAC,1,60,,23,
A1-10,QURU,1,13,8,23,
A1-10,CEOR,1,2,,23,
A1-10,PAQU,1,4,,23,
A1-10,FRAM,1,2,,23,
A1-10,SAAL,1,1,,23,
A1-10,VITUS,1,5,,23,
A1-10,NYSY,1,3,,23,
A1-10,MOSS,1,0.1,,23,
A1-10,TORA2,1,0.1,,23,
A1-10,GAAP,1,0.1,,23,
A1-10,CAIM,1,0.1,,23,
A1-10,MIVI,1,0.1,,23,
A1-10,GAPA,1,0.1,,23,
A1-10,FT,1,85,,23,
A1-10,SAAL,2,30,,23,
A1-10,LITU,2,15,,23,
A1-10,FT,2,45,,23,
A1-10,FT,3,0,,23,
A1-7,EUDI16,1,8,,24,
A1-7,HAVI,1,6,,24,
A1-7,POAC,1,6,,24,
A1-7,BETH,1,5,,24,
A1-7,FRAM,1,0.1,,24,
A1-7,PAQU,1,3,,24,
A1-7,CAAL,1,14,,24,
A1-7,GAAP2,1,0.1,,24,
A1-7,BELE,1,0.1,1,24,
A1-7,LOJA,1,1,,24,
A1-7,VITUS,1,0.1,,24,
A1-7,SORU,1,1,,24,
A1-7,CEOR,1,1,,24,
A1-7,ROMU,1,0.1,,24,
A1-7,MOSS,1,0.1,,24,
A1-7,FT,1,40,,24,
A1-7,HAVI,2,50,,24,
A1-7,FT,2,50,,24,
A1-7,HAVI,3,20,,24,
A1-7,FT,3,20,,24,
A1-8,SORU,1,4,,24,
A1-8,CEOR,1,2,,24,
A1-8,BETH,1,40,,24,
A1-8,PAQU2,1,2,,24,
A1-8,FRAM,1,7,1,24,
A1-8,HAVI,1,1,,24,
A1-8,EUDI13,1,3,,24,
A1-8,MIVI,1,0.1,,24,
A1-8,LOMA,1,4,,24,
A1-8,RHCA,1,4,,24,
A1-8,AMBR,1,1,,24,
A1-8,ROMU,1,0.1,,24,
A1-8,HEAM,1,0.1,,24,HEMORA AMF2
A1-8,FT,1,55,,24,
A1-8,BETH,2,5,,24,
A1-8,HAVI,2,3,,24,
A1-8,RHCA,2,0.1,,24,
A1-8,FT,2,10,,24,
A1-8,FT,3,0,,24,
A1-8,SORU,2,2,2,24,
A1-2,LITU,1,45,2,24,
A1-2,QURU,1,8,10,24,
A1-2,FRAM,1,1,1,24,
A1-2,ROMU,1,1,,24,
A1-2,MIVI,1,2,,24,
A1-2,GAAP2,1,3,,25,
A1-2,TORA2,1,0.1,,25,
A1-2,EUDI16,1,2,,25,
A1-2,CACO15,1,5,2,25,
A1-2,PAQU4,1,4,,25,
A1-2,ACRU,1,0.1,1,25,
A1-2,CAGL,1,1,1,25,
A1-2,VEOR,1,0.1,,25,
A1-2,CAIM,1,0.1,,25,
A1-2,CEOR,1,4,,25,
A1-2,CAPE6,1,10,,25,
A1-2,SOCA,1,0.1,,25,
A1-2,LOJA,1,0.1,,25,
A1-2,MOSS,1,0.1,,25,
A1-2,FT,1,80,,25,
A1-2,LITU,2,25,,25,
A1-2,FT,2,25,,25,
A1-2,LITU,3,45,,25,
A1-2,FT,3,45,,25,
A1-3,LITU,1,8,1,25,
A1-3,FRAM,1,4,3,25,
A1-3,PAQU2,1,40,,25,
A1-3,MOSS,1,8,,25,
A1-3,QURU,1,11,,25,
A1-3,HAVI,1,5,3,25,
A1-3,VIPR,1,15,,25,
A1-3,CAPE6,1,1,,25,
A1-3,RHCA,1,1,,25,
A1-3,LOKA,1,2,,25,
A1-3,EUDI16,1,1,,25,
A1-3,THAUCTRUM SPP.,1,0.1,,25,
A1-3,CAIM,1,0.1,,25,
A1-3,MIVI,1,0.1,,25,
A1-3,FT,1,95,,25,
A1-3,GAAP2,1,0.1,,25,
A1-3,AMBR,1,0.1,,25,
A1-3,VIPR,2,1,,25,
A1-3,HAVI,2,20,,25,
A1-3,FT,2,21,,25,
A1-3,HAVI,3,10,,25,
A1-3,FT,3,10,,25,
A1-1,QURU,1,6,4,26,
A1-1,EUDI,1,1,,26,
A1-1,RHCA,1,10,,26,
A1-1,POAC,1,15,,26,
A1-1,GAAP,1,1,,26,
A1-1,AMBR,1,1,,26,
A1-1,MIVI,1,1,,26,
A1-1,GAPA,1,0.1,,26,
A1-1,HAVI,1,0.1,1,26,
A1-1,CAIM,1,0.1,,26,
A1-1,CAPE6,1,15,,26,
A1-1,FT,1,40,,26,
A1-1,FT,2,0,,26,
A1-1,FT,3,0,,26,
A1-4,BETH,1,2,,26,
A1-4,FRAM,1,3,1,26,
A1-4,CAPE6,1,5,,26,
A1-4,QURU,1,6,3,26,
A1-4,PRQU,1,8,,26,
A1-4,MIRE,1,4,,26,
A1-4,BELE,1,0.1,1,26,
A1-4,COER,1,2,,26,
A1-4,FT,1,28,,26,
A1-4,HAVI,3,3,,26,
A1-4,FT,2,0,,26,
A1-4,FT,3,3,,26,
A1-5,PRQU,1,7,,26,
A1-5,LOJA,1,25,,26,
A1-5,COER,1,5,,26,
A1-5,GAPA,1,0.1,,26,
A1-5,EUAL,1,1,,26,
A1-5,GAAP,1,1,,26,
A1-5,MOSS,1,5,,26,
A1-5,FT,1,44,,26,
A1-5,FT,2,0,,26,
A1-5,FT,3,5,,26,
A1-5,VITUS,3,5,,26,
B3X-10,VAPA,1,12,,27,
B3X-10,GABA,1,3,,27,
B3X-10,ACRU,1,0.1,3,27,
B3X-10,HAVI,1,0.1,2,27,
B3X-10,MOSS,1,2,,27,
B3X-10,QURU,1,1,1,27,
B3X-10,FT,1,18,,27,
B3X-10,FAGR,2,4,,27,
B3X-10,FT,2,4,,27,
B3X-10,FAGR,3,7,,27,
B3X-10,FT,3,7,,27,
B3X-9,BELE,1,25,7,27,
B3X-9,VAPA,1,9,,27,
B3X-9,MOSS,1,11,,27,
B3X-9,ACRU,1,0.1,4,27,
B3X-9,HAVI,1,0.1,2,27,
B3X-9,PIAB,1,0.1,1,27,
B3X-9,GABA,1,3,,27,
B3X-9,FT,1,32,,27,
B3X-9,BELE,2,15,,27,
B3X-9,FT,2,14,,27,
B3X-9,FT,3,0,,27,
B3X-8,QUMO,1,1,1,27,
B3X-8,ACRU,1,0.1,4,27,
B3X-8,MOSS,1,14,,27,
B3X-8,BELE,1,7,3,27,
B3X-8,KALA,1,1,,27,
B3X-8,RHPE4,1,10,,27,
B3X-8,UNKNOWN,1,0.1,,27,
B3X-8,HAVI,1,0.1,1,27,
B3X-8,RHPA,2,4,,27,
B3X-8,BELE,2,12,,27,
B3X-8,FT,2,16,,27,
B3X-8,BELE,3,3,,27,
B3X-8,FT,3,3,,27,
B3X-7,GABA,1,20,,27,
B3X-7,BELE,1,25,3,27,
B3X-7,MOSS,1,7,,27,
B3X-7,HAVI,1,0.1,2,27,
B3X-7,KALA,1,0.1,,27,
B3X-7,ACRU,1,0.1,1,27,
B3-10,POAC,1,3,,28,
B3-10,HAVI,1,2,3,28,
B3-10,FRAM,1,3,2,28,
B3-10,MOSS,1,1,,28,
B3-10,CAOI,1,9,,28,
B3-10,FT,1,0,,28,
B3-10,FT,2,0,,28,
B3-10,FT,3,0,,28,
B3-10,ACRU,1,0.1,1,28,
B3-9,QURU,1,0.1,2,28,
B3-9,ACSA,1,2,1,28,
B3-9,HAVI,1,1,,28,
B3-9,FT,2,0,,28,
B3-9,FT,3,45,,28,
B3-9,FT,1,3,,28,
B3-9,ACSA,3,40,,28,
B3-9,HAVI,3,6,,28,
B3-8,HAVI,1,1,4,28,
B3-8,MOSS,1,0.1,,28,
B3-8,HAVI,2,8,,28,
B3-8,FT,1,1,,28,
B3-8,FT,2,8,,28,
B3-8,FT,3,0,,28,
B3-7,HAVI,3,30,,28,
B3-7,FT,1,0,,28,
B3-7,FT,2,0,,28,
B3-7,FT,3,30,,28,
B3-6,RHPE4,1,1,,28,
B3-6,GABA,1,3,,28,
B3-6,VAPA,1,9,,28,
B3-6,QUMO,1,1,1,28,
B3-6,MOSS,1,1,,28,
B3-6,HAVI,1,0.1,1,28,
B3-6,HAVI,2,10,,28,
B3-6,HAVI,3,25,,28,
B3-6,FT,1,15,,28,
B3-6,FT,2,10,,28,
B3-6,FT,3,25,,28,
B3X-1,ACRU,1,2,5,29,
B3X-1,KALA,1,8,,29,
B3X-1,VAPA,1,9,,29,
B3X-1,MOSS,1,0.1,,29,
B3X-1,HAVI,2,6,,29,
B3X-1,FT,1,9,,29,
B3X-1,FT,2,6,,29,
B3X-1,FT,3,0,,29,
B3X-2,GABA,1,7,,29,
B3X-2,VAPA,1,6,,29,
B3X-2,HAVI,1,1,3,29,
B3X-2,ACRU,1,0.1,3,29,
B3X-2,MOSS,1,0.1,,29,
B3X-2,KALA,2,2,,29,
B3X-2,KALA,3,5,,29,
B3X-2,FT,1,14,,29,
B3X-2,FT,2,2,,29,
B3X-2,FT,3,5,,29,
B3X-3,QUMO,1,2,2,29,
B3X-3,ACRU,1,0.1,1,29,
B3X-3,VAPA,1,4,,29,
B3X-3,GABA,1,12,,29,
B3X-3,KALA,1,3,,29,
B3X-3,MOSS,1,0.1,,29,
B3X-3,RHPE4,1,5,,29,
B3X-3,KALA,2,3,,29,
B3X-3,RHPE4,2,5,,29,
B3X-3,FT,1,26,,29,
B3X-3,FT,2,8,,29,
B3X-3,FT,3,0,,29,
B3X-4,QUMO,1,5,3,29,
B3X-4,GABA,1,15,,29,
B3X-4,VAPA,1,20,,29,
B3X-4,MOSS,1,2,,29,
B3X-4,HAVI,1,0.1,2,29,
B3X-4,QURU,1,0.1,1,29,
B3X-4,VIAC,1,0.1,,29,
B3X-4,ACRU,2,3,,29,
B3X-4,FT,1,24,,29,
B3X-4,FT,2,3,,29,
B3X-4,FT,3,0,,29,
B3-5,BELE,1,3,,30,
B3-5,VAPA,1,4,,30,
B3-5,MOSS,1,20,,30,
B3-5,HAVI,1,0.1,2,30,
B3-5,ACRU,1,0.1,5,30,
B3-5,FT,1,27,,30,
B3-5,FT,2,0,,30,
B3-5,FT,3,0,,30,
B3-5,UNKNOWN,1,0.1,2,30,
B3-4,MOSS,1,15,,30,
B3-4,HAVI,1,0.1,1,30,
B3-4,HAVI,2,7,,30,
B3-4,HAVI,3,4,,30,
B3-4,FT,1,15,,30,
B3-4,FT,2,7,,30,
B3-4,FT,3,4,,30,
B3-3,ACRU,1,1,5,30,
B3-3,GABA,1,4,,30,
B3-3,VAPA,1,2,,30,
B3-3,HAVI,1,9,2,30,
B3-3,MOSS,1,2,,30,
B3-3,UNKNOWN,1,1,,30,
B3-3,HAVI,2,11,,30,
B3-3,HAVI,3,6,,30,
B3-3,FT,1,18,,30,
B3-3,FT,2,11,,30,
B3-3,FT,3,6,,30,
B3-2,ACRU,1,0.1,8,30,
B3-2,MIVI,1,2,,30,
B3-2,LITU,1,0.1,1,30,
B3-2,FT,1,2,,30,
B3-2,FT,2,0,,30,
B3-2,FT,3,0,,30,
B3-1,ACPE,1,0.1,1,30,
B3-1,ACRU,1,0.1,2,30,
B3-1,ACSA,1,0.1,1,30,
B3-1,HAVI,1,0.1,2,30,
B3-1,CACO7,1,1,,30,
B3-1,MOSS,1,18,,30,
B3-1,UNKNOWN,1,0.1,,30,
B3-1,HAVI,2,2,,30,
B3-1,FT,1,20,,30,
B3-1,FT,2,2,,30,
B3-1,FT,3,0,,30,
A4X-1,RHPE4,1,30,,31,
A4X-1,PAQU,1,21,,31,
A4X-1,LITU,1,3,1,31,
A4X-1,MOSS,1,0.1,,31,
A4X-1,RUBUS,1,2,,31,
A4X-1,BELE,1,0.1,,31,
A4X-1,THPA,1,2,,31,
A4X-1,BELE,2,8,,31,
A4X-1,RHPE4,2,3,,31,
A4X-1,BELE,3,5,,31,
A4X-1,FT,1,39,,31,
A4X-1,FT,2,11,,31,
A4X-1,FT,3,5,,31,
A4X-2,VIAC,1,1,1,31,
A4X-2,VAPA,1,6,,31,
A4X-2,GABA,1,0.1,,31,
A4X-2,BELE,1,0.1,,31,
A4X-2,MOSS,1,0.1,,31,
A4X-2,THPA,1,0.1,,31,
A4X-2,NYSY,1,0.1,1,31,
A4X-2,BELE,2,4,,31,
A4X-2,BELE,3,6,,31,
A4X-2,FT,1,7,,31,
A4X-2,FT,2,4,,31,
A4X-2,FT,3,6,,31,
A4X-3,RHPE4,1,8,,31,
A4X-3,VIAC,1,7,,31,
A4X-3,TORA2,1,4,,31,
A4X-3,VAPA,1,0.1,,31,
A4X-3,BELE,2,8,,31,
A4X-3,FT,1,19,,31,
A4X-3,FT,2,8,,31,
A4X-3,FT,3,0,,31,
A4X-4,BELE,1,10,,31,
A4X-4,NYSY,1,5,2,31,
A4X-4,GABA,1,5,,31,
A4X-4,HAVI,1,1,3,31,
A4X-4,PAQU,1,0.1,,31,
A4X-4,RHPE4,1,5,,31,
A4X-4,TORA2,1,0.1,,31,
A4X-4,EUDI,1,0.1,,31,
A4X-4,BELE,2,30,,31,
A4X-4,NYSY,2,5,,31,
A4X-4,FT,1,26,,31,
A4X-4,FT,2,35,,31,
A4X-4,FT,3,0,,31,
B3X-5,QUMO,1,5,5,32,
B3X-5,BELE,1,8,1,32,
B3X-5,MOSS,1,3,,32,
B3X-5,HAVI,1,0.1,4,32,
B3X-5,VAPA,1,5,,32,
B3X-5,GABA,1,2,,32,
B3X-5,BELE,2,5,,32,
B3X-5,BELE,3,2,,32,
B3X-5,FT,1,24,,32,
B3X-5,FT,2,5,,32,
B3X-5,FT,3,2,,32,
B3X-6,GABA,1,16,,32,
B3X-6,RHPE4,1,3,,32,
B3X-6,VAPA,1,1,,32,
B3X-6,HAVI,1,5,2,32,
B3X-6,MOSS,1,0.1,,32,
B3X-6,UNKNOWN,1,0.1,,32,
B3X-6,HAVI,2,0,,32,
B3X-6,FT,1,24,,32,
B3X-6,FT,2,70,,32,
B3X-6,FT,3,0,,32,
A4-10,MIVI,1,30,,33,
A4-10,TORA2,1,10,,33,
A4-10,BETH,1,20,,33,
A4-10,EUDI,1,2,,33,
A4-10,POAC,1,1,,33,
A4-10,PAQU,1,0.1,,33,
A4-10,FT,1,53,,33,
A4-10,FT,2,0,,33,
A4-10,FT,3,0,,33,
A4-1,ACPE,1,3,,33,
A4-1,BELE,1,1,1,33,
A4-1,VAPA,1,7,,33,
A4-1,NYSY,1,1,,33,
A4-1,ATFI,1,2,,33,
A4-1,ACRU,1,1,5,33,
A4-1,MOSS,1,2,,33,
A4-1,HAVI,1,1,,33,
A4-1,VIAC,1,2,,33,
A4-1,LYQU,1,1,,33,
A4-1,ACPE,2,25,,33,
A4-1,ACPE,3,25,,33,
A4-1,FT,1,20,,33,
A4-1,FT,2,25,,33,
A4-1,FT,3,25,,33,
A4-1,GABA,1,4,,33,
A4-2,PAQU,1,5,,33,
A4-2,LITU,1,4,3,33,
A4-2,LYQU,1,0.1,,33,
A4-2,VAPA,1,6,,33,
A4-2,RHPE4,1,2,,33,
A4-2,POAC,1,0.1,,33,
A4-2,ACRU,1,0.1,3,33,
A4-2,BELE,1,12,,33,
A4-2,LITU,2,3,,33,
A4-2,ACPE,2,3,,33,
A4-2,BELE,2,2,,33,
A4-2,BELE,3,0.1,,33,
A4-2,LITU,3,0.1,,33,
A4-2,FT,1,28,,33,
A4-2,FT,2,8,,33,
A4-2,FT,3,0.1,,33,
A4X-5,NYSY,1,6,,34,
A4X-5,VAPA,1,4,,34,
A4X-5,LITU,1,2,,34,
A4X-5,PAQU,1,0.1,,34,
A4X-5,HAVI,1,0.1,3,34,
A4X-5,THPA,1,0.1,,34,
A4X-5,RUBIS,1,0.1,,34,
A4X-5,GABA,1,2,,34,
A4X-5,ACRU,1,0.1,1,34,
A4X-5,BELE,1,0.1,,34,
A4X-5,HAVI,2,2,,34,
A4X-5,HAVI,3,15,,34,
A4X-5,FT,1,14,,34,
A4X-5,FT,2,2,,34,
A4X-5,FT,3,15,,34,
A4X-6,THPA,1,2,,34,
A4X-6,BELE,1,4,,34,
A4X-6,TORA2,1,0.1,,34,
A4X-6,VAPA,1,2,,34,
A4X-6,PAQU,1,0.1,,34,
A4X-6,HAVI,1,0.1,2,34,
A4X-6,NYSY,1,1,,34,
A4X-6,BELE,2,2,,34,
A4X-6,BELE,3,4,,34,
A4X-6,FT,1,9,,34,
A4X-6,FT,2,2,,34,
A4X-6,FT,3,4,,34,
A4-6,EUDI,1,4,,34,
A4-6,PAQU,1,1,,34,
A4-6,GAPA,1,0.1,,34,
A4-6,CACO7,1,0.1,,34,
A4-6,BELE,1,4,,34,
A4-6,BELE,2,5,,34,
A4-6,ACPE,2,30,,34,
A4-6,ACRU,3,8,,34,
A4-6,HAVI,3,3,,34,
A4-6,ACPE,3,3,,34,
A4-6,BELE,3,3,,34,
A4-6,FT,1,4,,34,
A4-6,FT,2,35,,34,
A4-6,FT,3,45,,34,
C3X-6,POPU4,1,0.1,,35,
C3X-6,EUDI16,1,0.1,,35,
C3X-6,MOSS,1,0.1,,35,
C3X-6,SOCA,1,0.1,,35,
C3X-6,FT,1,0.1,,35,
C3X-6,FT,2,0,,35,
C3X-6,FT,3,0,,35,
C3-5,VAPA,1,13,,35,
C3-5,POAC,1,2,,35,
C3-5,QURU,1,0.1,1,35,
C3-5,ILVE,1,0.1,,35,
C3-5,CACO7,1,0.1,,35,
C3-5,VAST,1,0.1,,35,
C3-5,NYSY,2,15,,35,
C3-5,FT,1,15,,35,
C3-5,FT,2,15,,35,
C3-5,FT,3,0,,35,
C3-4,ACRU,1,1,3,35,
C3-4,HAVI,1,1,2,35,
C3-4,VAPA,1,1,,35,
C3-4,BELE,1,8,,35,
C3-4,GABA,1,1,,35,
C3-4,CACO7,1,1,,35,
C3-4,ILVE,1,1,,35,
C3-4,FT,1,14,,35,
C3-4,HAVI,2,1,,35,
C3-4,FT,2,1,,35,
C3-4,FT,3,0,,35,
C3-3,VAPA,1,5,,35,
C3-3,GABA,1,2,,35,
C3-3,ACRU,1,3,2,35,
C3-3,HAVI,1,3,2,35,
C3-3,ACRU,2,5,,35,
C3-3,ACRU,3,5,,35,
C3-3,FT,1,13,,35,
C3-3,FT,2,5,,35,
C3-3,FT,3,5,,35,
B2X-6,EUDI,1,25,,36,
B2X-6,EUAL13,1,4,,36,
B2X-6,GAAP2,1,2,,36,
B2X-6,ROMU,1,1,,36,
B2X-6,NYSY,1,0.1,,36,
B2X-6,HAVI,2,6,,36,
B2X-6,FT,1,30,,36,
B2X-6,HAVI,3,10,,36,
B2X-6,FT,2,5,,36,
B2X-6,FT,3,10,,36,
C3X-10,HAVI,1,25,,36,
C3X-10,HAVI,2,5,,36,
C3X-10,HAVI,3,5,,36,
C3X-10,FT,1,25,,36,
C3X-10,FT,2,5,,36,
C3X-10,FT,3,5,,36,
C3X-9,ACRU,1,0.1,1,36,
C3X-9,MOSS,1,1,,36,
C3X-9,HAVI,3,5,,36,
C3X-9,FT,1,1,,36,
C3X-9,FT,2,0,,36,
C3X-9,FT,3,5,,36,
C3X-8,POAC,1,1,,36,
C3X-8,ACRU,1,1,2,36,
C3X-8,EUDI,1,0.1,1,36,
C3X-8,POPU4,1,1,,36,
C3X-8,MOSS,1,10,,36,
C3X-8,GALIUM SPP.,1,0.1,,36,
C3X-8,CAALE,1,0.1,,36,
C3X-8,HAVI,2,30,,36,
C3X-8,HAVI,3,5,,36,
C3X-8,FT,1,14,,36,
C3X-8,FT,2,30,,36,
C3X-8,FT,3,5,,36,
C3X-7,TORA2,1,2,,36,
C3X-7,HAVI,1,0.1,2,36,
C3X-7,EUDI,1,3,,36,
C3X-7,HAVI,2,10,,36,
C3X-7,FT,1,5,,36,
C3X-7,FT,2,10,,36,
C3X-7,FT,3,0,,36,
C3-2,BELE,1,7,,37,
C3-2,VAPA,1,3,,37,
C3-2,ACRU,1,0.1,1,37,
C3-2,MOSS,1,0.1,,37,
C3-2,HAVI,1,10,2,37,
C3-2,FT,1,11,,37,
C3-2,BELE,2,2,,37,
C3-2,HAVI,2,4,,37,
C3-2,HAVI,3,5,,37,
C3-2,FT,2,6,,37,
C3-2,FT,3,5,,37,
C3-1,GABA,1,7,,37,
C3-1,HAVI,1,4,,37,
C3-1,ACRU,1,2,,37,
C3-1,BELE,1,4,5,37,
C3-1,LITU,1,0.1,3,37,
C3-1,MIRE,1,0.1,,37,
C3-1,POAC,1,0.1,1,37,
C3-1,HAVI,2,5,,37,
C3-1,HAVI,3,15,,37,
C3-1,FT,1,17,,37,
C3-1,FT,2,5,,37,
C3-1,FT,3,15,,37,
B2X-2,PAQU,1,2,,38,
B2X-2,FRAM,1,4,4,38,
B2X-2,EUDI,1,15,,38,
B2X-2,BETH,1,2,,38,
B2X-2,ALPE,1,0.1,,38,
B2X-2,ACRU,1,0.1,1,38,
B2X-2,ACPE,2,18,,38,
B2X-2,HAVI,2,5,,38,
B2X-2,ACPE,3,5,,38,
B2X-2,FT,1,23,,38,
B2X-2,FT,2,18,,38,
B2X-2,FT,3,5,,38,
B2X-3,TORA2,1,6,,38,
B2X-3,NYSY,1,1,1,38,
B2X-3,EUDI,1,3,,38,
B2X-3,VITUS SPP.,1,0.1,,38,
B2X-3,MIRE,1,0.1,,38,
B2X-3,ACRU,1,0.1,1,38,
B2X-3,HAVI,1,1,,38,
B2X-3,LOJA,1,4,,38,
B2X-3,FT,1,15,,38,
B2X-3,HAVI,2,5,,38,
B2X-3,HAVI,3,15,,38,
B2X-3,FT,2,5,,38,
B2X-3,FT,3,15,,38,
B2X-4,POAC,1,3,,38,
B2X-4,EUDI,1,5,,38,
B2X-4,ACRU,1,2,1,38,
B2X-4,NYSY,1,1,1,38,
B2X-4,PAQU,1,1,,38,
B2X-4,LOJA,1,2,,38,
B2X-4,HAVI,1,5,,38,
B2X-4,VIPR,1,0.1,2,38,
B2X-4,FT,1,17,,38,
B2X-4,HAVI,2,15,,38,
B2X-4,FRAM,2,5,,38,
B2X-4,FT,2,20,,38,
B2X-4,BELE,3,20,,38,
B2X-4,FT,3,20,,38,
B2X-5,EUDI,1,5,,38,
B2X-5,TORA2,1,7,,38,
B2X-5,LITU,1,1,,38,
B2X-5,VITUS,1,0.1,,38,
B2X-5,CACA,1,3,,38,
B2X-5,FT,1,16,,38,
B2X-5,FT,2,8,,38,
B2X-5,FT,3,25,,38,
B2X-5,BELE,2,8,,38,
C1X-1,FT,1,35,,39,
C1X-1,PRSE,2,10,,39,
C1X-1,PRSE,3,2,,39,
C1X-1,FT,2,10,,39,
C1X-1,FT,3,2,,39,
C1X-2,VIAC,1,0.1,,39,
C1X-2,FRAM,1,0.1,,39,
C1X-2,POPU4,1,1,,39,
C1X-2,VITIS,1,1,,39,
C1X-2,FT,1,4,,39,
C1X-2,FT,2,0,,39,
C1X-2,FT,3,0,,39,
C1X-3,VIAC,1,12,,39,
C1X-3,POAC,1,9,,39,
C1X-3,EUDI16,1,1,,39,
C1X-3,PAQU2,1,2,,39,
C1X-3,POPU4,1,2,,39,
C1X-3,BELE,1,0.1,,39,
C1X-3,HAVI,1,0.1,,39,
C1X-3,FT,1,25,,39,
C1X-3,VIAC,2,5,,39,
C1X-3,LITU,3,1,,39,
C1X-3,FT,2,25,,39,
C1X-3,FT,3,5,,39,
C1X-4,EUDI16,1,4,,39,
C1X-4,VIAC,1,12,,39,
C1X-4,PAQU2,1,3,,39,
C1X-4,FRAM,1,3,,39,
C1X-4,MEVI,1,3,,39,
C1X-4,MIRE,1,0.1,,39,
C1X-4,POPU4,1,0.1,,39,
C1X-4,BELE,1,1,,39,
C1X-4,MOSS,1,1,,39,
C1X-4,SMRA,1,0.1,,39,
C1X-4,LITU,2,2,,39,
C1X-4,TSCA,2,20,,39,
C1X-4,BELE,2,6,,39,
C1X-4,VIAC,2,3,,39,
C1X-4,FT,1,25,,39,
C1X-4,FT,2,31,,39,
C1X-4,TSCA,3,5,,39,
C1X-4,BELE,3,7,,39,
C1X-4,FT,3,11,,39,
C1-2,LITU,2,2,,40,
C1-2,FT,2,8,,40,
C1-2,FT,3,0,,40,
C1-3,CACO7,1,2,,40,
C1-3,CACA18,1,1,,40,
C1-3,LITU,1,4,,40,
C1-3,THPA,1,4,1,40,
C1-3,HAVI,1,3,3,40,
C1-3,BELE,1,3,1,40,
C1-3,FRAM,1,0.1,1,40,
C1-3,MOSS,1,1,,40,
C1-3,VIAC,1,0.1,,40,
C1-3,VITIS,1,0.1,,40,
C1-3,ACRU,1,0.1,2,40,
C1-3,FT,1,18,,40,
C1-3,HAVI,2,0.1,,40,
C1-3,FT,2,0.1,,40,
C1-3,FT,3,0,,40,
C1-4,FRAM,1,0.1,2,40,
C1-4,HAVI,1,2,2,40,
C1-4,POAC,1,7,,40,
C1-4,FT,1,9,,40,
C1-4,HAVI,2,30,,40,
C1-4,FT,2,30,,40,
C1-4,FT,3,0,,40,
C1-5,VIAC,1,2,,40,
C1-5,HAVI,1,4,,40,
C1-5,UNKNOWN,1,0.1,,40,
C1-5,FT,1,6,,40,
C1-5,HAVI,2,0.1,,40,
C1-5,HAVI,3,25,,40,
C1-5,FT,2,1,,40,
C1-5,FT,3,25,,40,
C1X-1,FRAM,1,2,1,40,
C1X-1,EUDI,1,13,,40,
C1X-1,MIRE,1,0.1,,40,
C1X-1,RHEA3,1,1,1,40,
C1X-1,POAC,1,11,,40,
C1X-1,UVSE,1,1,,40,
C1X-1,SOCA,1,3,,40,
C1X-1,BELE,1,0.1,,40,
C1X-1,HAVI,1,1,1,40,
C1X-1,MACA,1,0.1,,40,
C1X-1,PRSE,1,1,,40,
C1X-7,EUDI16,1,5,,41,
C1X-7,PAQU,1,1,,41,
C1X-7,MOSS,1,1,,41,
C1X-7,UVSE,1,0.1,,41,
C1X-7,VIAC,1,0.1,,41,
C1X-7,TSCA,2,3,,41,
C1X-7,FT,1,7,,41,
C1X-7,FT,2,3,,41,
C1X-7,FT,3,4,,41,
C1X-7,BELE,3,2,,41,
C1X-7,LITU,3,2,,41,
C1X-7,TSCA,3,0.1,,41,
C1X-6,POAC,1,10,,41,
C1X-6,TSCA,1,15,,41,
C1X-6,ACRU,1,0.1,1,41,
C1X-6,POPU4,1,3,,41,
C1X-6,GAPA3,1,1,,41,
C1X-6,FT,1,29,,41,
C1X-6,TSCA,2,4,,41,
C1X-6,TSCA,3,2,,41,
C1X-6,FT,2,4,,41,
C1X-6,FT,3,2,,41,
C1X-5,ARNU1,1,10,,42,
C1X-5,TSCA,1,5,,42,
C1X-5,TORA2,1,2,,42,
C1X-5,MIRE,1,8,,42,
C1X-5,EUDI16,1,10,,42,
C1X-5,ACRU,1,4,4,42,
C1X-5,LITU,1,3,1,42,
C1X-5,PAQU2,1,0.1,,42,
C1X-5,MOSS,1,0.1,,42,
C1X-5,EUAL,1,0.1,,42,
C1X-5,POPU4,1,0.1,,42,
C1X-5,VIAC,1,0.1,,42,
C1X-5,PRSE,1,1,1,42,
C1X-5,FT,1,30,,42,
C1X-5,TSCA,2,18,,42,
C1X-5,FT,2,18,,42,
C1X-5,BELE,3,5,,42,
C1X-5,FT,3,5,,42,
B1X-10,FRAM,1,17,2,42,
B1X-10,EUDI16,1,30,,42,
B1X-10,ACRU,1,5,6,42,
B1X-10,VIAC,1,0.1,,42,
B1X-10,ACSA,1,1,1,42,
B1X-10,MIRE,1,4,,42,
B1X-10,PAQU2,1,3,,42,
B1X-10,PRSE,1,0.1,1,42,
B1X-10,FT,1,55,,42,
B1X-10,FT,2,0,,42,
B1X-10,FT,3,0,,42,
B1X-9,TSCA,1,45,,42,
B1X-9,MIRE,1,12,,42,
B1X-9,ACRU,1,2,4,42,
B1X-9,HAVI,1,5,1,42,
B1X-9,FRAM,1,2,3,42,
B1X-9,POAC,1,0.1,,42,
B1X-9,SOCA,1,1,3,42,
B1X-9,QURU,1,0.1,1,42,
B1X-9,FT,1,50,,42,
B1X-9,HAVI,2,12,,42,
B1X-9,FT,2,12,,42,
B1X-9,FT,3,60,,42,
B1X-9,HAVI,3,60,,42,
B1X-8,UVSE,1,13,,42,
B1X-8,POAC,1,5,,42,
C1-6,DEPU2,1,35,,43,
C1-6,LITU,1,3,,43,
C1-6,UVSE,1,1,,43,
C1-6,RUPH,1,1,,43,
C1-6,FT,1,40,,43,
C1-6,HAVI,2,15,,43,
C1-6,HAVI,3,60,,43,
C1-6,FT,2,15,,43,
C1-6,FT,3,60,,43,
C1X-10,LITU,1,1,1,43,
C1X-10,POPU4,1,6,,43,
C1X-10,TORA2,1,6,,43,
C1X-10,HAVI,2,8,,43,
C1X-10,SMRA,1,2,,43,WAS POPU2 IN PREVIOUS DATA
C1X-10,HAVI,3,5,,43,
C1X-10,FT,1,15,,43,
C1X-10,FT,2,8,,43,
C1X-10,FT,3,5,,43,
C1X-9,PAQU,1,2,,43,
C1X-9,FRAM,1,10,6,43,
C1X-9,LITU,1,0.1,1,43,
C1X-9,UVSE,1,0.1,,43,
C1X-9,MOSS,1,3,,43,
C1X-9,FRAM,2,15,,43,
C1X-9,BELE,3,5,,43,
C1X-9,FT,1,15,,43,
C1X-9,FT,2,15,,43,
C1X-9,FT,3,5,,43,
C1X-8,LITU,1,4,2,43,FALLEN LOG
C1X-8,BELE,1,11,1,43,
C1X-8,POAC,1,2,,43,
C1X-8,VIAC,1,1,,43,
C1X-8,FT,1,18,,43,
C1X-8,FT,2,5,,43,
C1X-8,FT,3,3,,43,
C1X-8,LITU,2,5,,43,
C1X-8,BELE,3,3,,43,
C2X-6,ACRU,1,0.1,1,44,
C2X-6,HAVI,1,3,4,44,
C2X-6,HAVI,2,2,,44,
C2X-6,NYSY,3,25,,44,
C2X-6,FT,1,3,,44,
C2X-6,FT,2,2,,44,
C2X-6,FT,3,25,,44,
C1-10,ACRU,1,0.1,2,44,
C1-10,BELE,1,1,1,44,
C1-10,HAVI,2,3,,44,
C1-10,HAVI,3,5,,44,
C1-10,FT,1,1,,44,
C1-10,FT,2,3,,44,
C1-10,FT,3,5,,44,
C1-9,LITU,1,2,1,44,
C1-9,ACRU,1,0.1,1,44,
C1-9,DEPU2,1,15,,44,
C1-9,FT,1,17,,44,
C1-9,FT,2,0,,44,
C1-9,FT,3,10,,44,
C1-9,ACSA,3,10,,44,
C1-8,BELE,1,2,3,44,
C1-8,VIAC,1,6,,44,
C1-8,DEPU2,1,10,,44,
C1-8,SORU2,1,1,,44,
C1-8,PAQU,1,0.1,,44,
C1-8,FT,1,17,,44,
C1-8,FT,2,0,,44,
C1-8,FT,3,0,,44,
C1-7,POAC,1,6,,44,
C1-7,DEPU2,1,30,,44,
C1-7,RUPH,1,6,,44,
C1-7,ACRU,1,1,3,44,
C1-7,BELE,1,2,,44,
C1-7,LITU,1,0.1,1,44,
C1-7,BELE,2,20,,44,
C1-7,HAVI,2,8,,44,
C1-7,HAVI,3,30,,44,
C1-7,BELE,3,70,,44,
C1-7,FT,1,43,,44,
C1-7,FT,2,26,,44,
C1-7,FT,3,85,,44,
C2-5,HAVI,1,1,2,45,
C2-5,ACRU,1,0.1,4,45,
C2-5,MOSS,1,0.1,,45,
C2-5,FT,1,1,,45,
C2-5,HAVI,3,3,,45,
C2-5,FT,2,0,,45,
C2-5,FT,3,3,,45,
C2-6,ACRU,1,0.1,1,45,
C2-6,HAVI,1,0.1,1,45,
C2-6,MACA,1,0.1,,45,
C2-6,HAVI,2,0.1,,45,
C2-6,FT,1,0.1,,45,
C2-6,FT,2,0.1,,45,
C2-6,FT,3,0.1,,45,
C2X-10,ACRU,1,1,3,45,
C2X-10,NYSY,2,1,,45,
C2X-10,NYSY,3,2,,45,
C2X-10,FT,1,1,,45,
C2X-10,FT,2,1,,45,
C2X-10,FT,3,2,,45,
C2X-9,ACRU,1,5,7,45,
C2X-9,VIAC,1,3,,45,
C2X-9,MOSS,1,1,,45,
C2X-9,CADI5,1,0.1,,45,
C2X-9,UVSE,1,0.1,,45,
C2X-9,VIAC,2,1,,45,
C2X-9,FT,1,0,,45,
C2X-9,FT,2,1,,45,
C2X-9,FT,3,0,,45,
C2X-8,MOSS,1,0.1,,45,
C2X-8,FT,1,1,,45,
C2X-8,FT,2,0,,45,
C2X-8,FT,3,0,,45,
C2X-8,ACRU,1,0.1,,45,
C2X-7,HAVI,1,60,,45,
C2X-7,HAVI,2,10,,45,
C2X-7,HAVI,3,0,,45,
C2X-7,MOSS,1,0.1,,45,
C2X-7,FT,1,60,,45,
C2X-7,FT,2,10,,45,
C2X-7,FT,3,0,,45,
C2-1,POAC,1,13,,46,
C2-1,ACRU,1,2,10,46,
C2-1,BELE,1,5,3,46,
C2-1,ILVE,1,0.1,,46,
C2-1,FRAM,1,0.1,3,46,
C2-1,MOSS,1,1,,46,
C2-1,CADI5,1,0.1,,46,
C2-1,FT,1,21,,46,
C2-1,FT,2,0,,46,
C2-1,FT,3,0,,46,
C2-2,ACRU,1,5,10,46,
C2-2,POAC,1,5,,46,
C2-2,ILVE,1,2,,46,
C2-2,HAVI,1,0.1,1,46,
C2-2,BELE,1,0.1,7,46,
C2-2,MOSS,1,1,,46,
C2-2,CADI5,1,1,,46,
C2-2,CAHI,1,0.1,,46,
C2-2,FT,1,14,,46,
C2-2,FT,2,0,,46,
C2-2,FT,3,0,,46,
C2-3,ACRU,1,3,11,46,
C2-3,HAVI,1,0.1,3,46,
C2-3,VAPA,1,1,,46,
C2-3,NYSY,1,0.1,1,46,
C2-3,MOSS,1,0.1,,46,
C2-3,BELE,1,0.1,,46,
C2-3,FT,1,4,,46,
C2-3,FT,2,0,,46,
C2-3,FT,3,0,,46,
C2-4,ACRU,1,3,14,46,
C2-4,EUDI6,1,5,,46,
C2-4,HAVI,1,0.1,2,46,
C2-4,ILVE,1,0.1,,46,
C2-4,BELE,1,0.1,2,46,
C2-4,MOSS,1,0.1,,46,
C2-4,CADI5,1,0.1,,46,
C2-4,PRSE,1,0.1,2,46,
C2-4,FT,1,8,,46,
C2-4,FT,2,0,,46,
C2-4,FT,3,0,,46,
C2-10,ACRU,1,0.1,1,47,
C2-10,ACSA,1,0.1,1,47,
C2-10,PRUNUS SPP.,1,0.1,1?,47,
C2-10,FT,1,0.1,,47,
C2-10,FT,2,0,,47,
C2-10,FT,3,0,,47,
C2-9,ACRU,1,1,4,47,
C2-9,HAVI,1,0.1,1,47,
C2-9,CHMA,1,0.1,,47,
C2-9,FT,1,1,,47,
C2-9,FT,2,0,,47,
C2-9,FT,3,0,,47,
C2-8,ACRU,1,1,3,47,
C2-8,PAQU2,1,0.1,,47,
C2-8,VIAC,1,1,,47,
C2-8,HAVI,1,0.1,1,47,
C2-8,FT,1,3,,47,
C2-8,HAVI,2,35,,47,
C2-8,FT,2,35,,47,
C2-8,FT,3,0,,47,
C2-7,VAPA,1,7,,47,
C2-7,HAVI,1,4,9,47,
C2-7,UVSE,1,1,,47,
C2-7,ACRU,1,1,4,47,
C2-7,MIRE,1,0.1,,47,
C2-7,CHMA,1,0.1,,47,
C2-7,CASW,1,0.1,,47,
C2-7,MOSS,1,0.1,,47,
C2-7,UNKNOWN,1,0.1,,47,
C2-7,FT,1,11,,47,
C2-7,FT,2,0,,47,
C2-7,FT,3,0,,47,
C2X-1,ACRU,1,2,8,47,
C2X-1,FT,1,2,,47,
C2X-1,FT,2,0,,47,
C2X-1,FT,3,0,,47,
C2X-2,ACRU,1,2,8,47,
C2X-2,MIRE,1,0.1,,47,
C2X-2,HAVI,1,0.1,2,47,
C2X-2,FT,1,2,,47,
C2X-2,FT,2,0,,47,
C2X-2,NYSY,3,5,,47,
C2X-2,FT,3,5,,47,
C2X-3,ACRU,1,0.1,2,48,
C2X-3,MOSS,1,0.1,,48,
C2X-3,FT,1,1,,48,
C2X-3,NYSY,3,4,,48,
C2X-3,FT,2,0,,48,
C2X-3,FT,3,4,,48,
C2X-4,ACRU,1,0.1,2,48,
C2X-4,MOSS,1,7,,48,
C2X-4,HAVI,1,0.1,2,48,
C2X-4,FT,1,8,,48,
C2X-4,FT,2,0,,48,
C2X-4,FT,3,0,,48,
C2X-5,VIAC,1,0.1,1,48,
C2X-5,HAVI,1,0.1,2,48,
C2X-5,ACRU,1,0.1,1,48,
C2X-5,NYSY,1,0.1,1,48,
C2X-5,QUVE,1,0.1,1,48,
C2X-5,FT,1,0.1,,48,
C2X-5,NYSY,3,2,,48,
C2X-5,FT,2,0,,48,
C2X-5,FT,3,2,,48,
C1-1,LITU,1,3,1,48,
C1-1,VIAC,1,4,,48,
C1-1,BELE,1,15,1,48,
C1-1,HAVI,1,1,2,48,
C1-1,VAPA,1,4,,48,
C1-1,RUPH,1,1,,48,
C1-1,DEPU,1,2,,48,
C1-1,RUAL,1,0.1,,48,
C1-1,ACRU,1,0.1,3,48,
C1-1,FT,1,28,,48,
C1-1,BELE,2,12,,48,
C1-1,BELE,3,3,,48,
C1-1,FT,2,12,,48,
C1-1,FT,3,0,,48,
C1-2,VAPA,1,25,,48,
C1-2,LITU,1,18,5,48,
C1-2,ACRU,1,3,6,48,
C1-2,BELE,1,8,,48,
C1-2,HAVI,1,2,8,48,
C1-2,THPA,1,1,,48,
C1-2,UNKNOWN,1,0.1,,48,
C1-2,FT,1,55,,48,
C1-2,BELE,2,6,,48,
B4X-9,QUMO,1,6,4,49,
B4X-9,GABA,1,10,,49,
B4X-9,VAPA,1,5,,49,
B4X-9,ACRU,1,0.1,1,49,
B4X-9,FT,1,21,,49,
B4X-9,FT,2,0,,49,
B4X-9,FT,3,0,,49,
B4X-8,QUMO,1,2,1,49,
B4X-8,GABA,1,7,,49,
B4X-8,VAPA,1,0.1,,49,
B4X-8,MOSS,1,0.1,,49,
B4X-8,ACRU,1,0.1,2,49,
B4X-8,FT,1,9,,49,
B4X-8,FT,2,0,,49,
B4X-8,FT,3,0.1,,49,
B4X-8,HAVI,3,0.1,6,49,
B4X-7,QUMO,1,1,1,49,
B4X-7,GABA,1,5,,49,
B4X-7,MOSS,1,0.1,,49,
B4X-7,ACRU,1,0.1,3,49,
B4X-7,FT,1,6,,49,
B4X-7,FT,2,0,,49,
B4X-7,FT,3,0,,49,
B4X-6,QUMO,1,7,8,49,
B4X-6,ACRU,1,1,7,49,
B4X-6,GABA,1,3,,49,
B4X-6,VAPA,1,1,,49,
B4X-6,MOSS,1,2,,49,
B4X-6,FT,1,14,,49,
B4X-6,FT,2,0,,49,
B4X-6,FT,3,0,,49,
B4X-5,QUMO,1,2,4,49,
B4X-5,VAPA,1,3,,49,
B4X-5,GABA,1,4,,49,
B4X-5,RHPE4,1,2,,49,
B4X-5,QURU,1,1,1,49,
B4X-5,ACRU,1,0.1,1,49,
B4X-5,FT,1,12,,49,
B4X-5,FT,2,0,,49,
B4X-5,FT,3,0,,49,
B4X-4,RHPE4,1,7,,49,
B4X-4,GABA,1,1,,49,
B4X-4,HAVI,1,0.1,1,49,
B4X-4,MOSS,1,2,,49,
B4X-4,QUMO,1,1,2,49,
B4X-4,ACRU,1,0.1,2,49,
B4X-4,VAPA,1,4,,49,
B4X-4,FT,1,15,,49,
B4X-4,FT,2,0,,49,
B4X-4,FT,3,0,,49,
B4X-1,QUMO,1,2,3,50,
B4X-1,RHPH4,1,11,,50,
B4X-1,VAPA,1,4,,50,
B4X-1,ACRU,1,0.1,2,50,
B4X-1,VAST,1,1,,50,
B4X-1,FT,1,20,,50,
B4X-1,FT,2,0,,50,
B4X-1,FT,3,0,,50,
B2X-7,LOJA,1,6,,51,
B2X-7,TORA,1,6,,51,
B2X-7,BELE,1,6,,51,
B2X-7,RUID,1,0.1,,51,
B2X-7,LITU,1,0.1,,51,
B2X-7,EUAL13,1,0.1,,51,
B2X-7,FT,1,55,,51,
B2X-7,LITU,2,20,,51,
B2X-7,LITU,3,5,,51,
B2X-7,NYSY,3,5,,51,
B2X-7,FT,2,20,,51,
B2X-7,FT,2,10,,51,
C3X-1,PRSE,1,4,,51,
C3X-1,ACRU,1,0.1,1,51,
C3X-1,MOSS,1,0.1,,51,
C3X-1,FT,1,4,,51,
C3X-1,HAVI,2,2,,51,
C3X-1,FT,2,2,,51,
C3X-1,HAVI,3,90,,51,
C3X-1,FT,3,90,,51,
C3X-2,BELE,1,22,2,51,
C3X-2,MOSS,1,12,,51,
C3X-2,POPU4,1,1,,51,
C3X-2,BELE,2,2,,51,
C3X-2,HAVI,2,4,,51,
C3X-2,FT,1,30,,51,
C3X-2,FT,2,6,,51,
C3X-2,HAVI,3,70,,51,
C3X-2,FT,3,70,,51,
C3X-3,PAQU4,1,1,,51,
C3X-3,HAVI,1,1,1,51,
C3X-3,MIRE,1,0.1,,51,
C3X-3,UVSE,1,0.1,,51,
C3X-3,FT,1,2,,51,
C3X-3,HAVI,2,3,,51,
C3X-3,FT,1,3,,51,
C3X-3,HAVI,3,8,,51,
C3X-3,FT,3,8,,51,
C3X-4,PAQU4,1,2,,51,
C3X-4,CHMA,1,0.1,,51,
C3X-4,ACRU,1,0.1,1,51,
C3X-4,UVSE,1,0.1,,51,
C3X-4,HAVI,2,30,,51,
C3X-4,FT,1,2,,51,
C3X-4,FT,2,30,,52,
C3X-4,FT,3,0,,52,
C3X-5,POAC,1,1,,52,
C3X-5,MOSS,1,1,,52,
C3X-5,AGALA,1,1,,52,
C3X-5,UVSE,1,0.1,,52,
C3X-5,EUDI16,1,1,,52,
C3X-5,AMBR,1,0.1,,52,
C3X-5,ACRU,1,0.1,1,52,
C3X-5,ACPE,1,0.1,,52,
C3X-5,FT,1,3,,52,
C3X-5,HAVI,2,10,,52,
C3X-5,FT,2,10,,52,
C3X-5,FT,3,65,,52,
C3X-5,HAVI,3,65,,52,
C3-6,ACRU,1,1,5,52,
C3-6,FAGR,1,6,1,52,
C3-6,MYSTERY,1,0.1,,52,
C3-6,VAPA,1,9,,52,
C3-6,EUDI16,1,0.1,,52,
C3-6,HAVI,1,1,2,52,
C3-6,FT,1,14,,52,
C3-6,FT,2,0,,52,
C3-6,FT,3,0,,52,
C3-7,VAPA,1,8,8,52,
C3-7,HAVI,1,2,3,52,
C3-7,CHMA,1,0.1,,52,
C3-7,ACRU,1,1,,52,
C3-7,FT,1,11,,52,
C3-7,FT,2,0,,52,
C3-7,FT,3,0,,52,
C3-8,HAVI,1,0.1,1,52,
C3-8,ACRU,1,0.1,1,52,
C3-8,HAVI,2,80,,52,
C3-8,FT,1,0.1,,52,
C3-8,FT,2,80,,52,
C3-8,FT,3,0,,52,
C3-8,CHMA,1,0.1,,52,
C3-9,CHMA,1,0.1,,52,
C3-9,ACRU,1,0.1,1,52,
C3-9,UNKNOWN,1,0.1,,52,
C3-9,HAVI,1,1,,52,
C3-9,FT,1,1,,52,
C3-9,HAVI,2,50,,52,
C3-9,FT,2,50,,52,
C3-9,FT,3,0,,52,
B4-5,HAVI,1,0.1,1,53,
B4-5,QURU,1,0.1,1,53,
B4-5,GABA,1,9,,53,
B4-5,ACRU,1,0.1,1,53,
B4-5,VAPA,1,1,,53,
B4-5,MOSS,1,0.1,,53,
B4-5,FT,1,10,,53,
B4-5,HAVI,2,3,,53,
B4-5,FT,2,3,,53,
B4-5,FT,3,0,,53,
B4-4,GABA,1,12,,53,
B4-4,VAPA,1,3,,53,
B4-4,HAVI,1,1,2,53,
B4-4,FT,1,16,,53,
B4-4,FT,2,0,,53,
B4-4,FT,3,0,,53,
B4-3,GABA,1,12,,53,
B4-3,VAPA,1,4,,53,
B4-3,RHPE4,1,1,,53,
B4-3,FT,1,17,,53,
B4-3,FT,2,0,,53,
B4-3,FT,3,0,,53,
B4-2,HAVI,1,2,2,53,
B4-2,GABA,1,14,,53,
B4-2,FT,1,16,,53,
B4-2,FT,2,0,,53,
B4-2,FT,3,0,,53,
B4-1,VIAC,1,2,2,53,
B4-1,GABA,1,4,,53,
B4-1,FT,1,14,,53,
B4-1,VAPA,1,8,,53,
B4-1,FT,2,0,,53,
B4-1,FT,3,0,,53,
B4X-10,QUMO,1,4,4,53,
B4X-10,VIAC,1,4,,53,
B4X-10,GABA,1,40,,53,
B4X-10,HAVI,1,0.1,,53,
B4X-10,FT,1,48,,53,
B4X-10,FT,2,0,,53,
B4X-10,FT,3,0,,53,
C3-10,CHMA,1,0.1,,54,
C3-10,VIAC,1,2,,54,
C3-10,HAVI,2,80,,54,
C3-10,FT,1,2,,54,
C3-10,FT,2,80,,54,
C3-10,NYSY,3,20,,54,
C3-10,FT,3,20,,54,
B4-6,GABA,1,16,,54,
B4-6,QUMO,1,9,1,54,
B4-6,QUVE,1,0.1,2,54,
B4-6,FT,1,16,,54,
B4-6,FT,3,0,,54,
B4-6,FT,2,0,,54,
B4-7,GABA,1,1,,54,
B4-7,MOSS,1,1,,54,
B4-7,QUVE,1,0.1,,54,
B4-7,FT,1,2,,54,
B4-7,FT,2,0,,54,
B4-7,FT,3,0,,54,
B4-8,ACRU,1,0.1,2,54,
B4-8,MOSS,1,0.1,,54,
B4-8,UNKNOWN,1,0.1,,54,
B4-8,FT,1,0.1,,54,
B4-8,FT,2,0,,54,
B4-8,FT,3,0,,54,
B4-9,ACRU,1,0.1,2,54,
B4-9,QUVE,1,0.1,1,54,
B4-9,GABA,1,1,,54,
B4-9,MOSS,1,0.1,,54,
B4-9,FT,1,2,,54,
B4-9,ACRU,3,2,,54,
B4-9,FAGR,3,2,,54,
B4-9,FT,3,4,,54,
B4-9,FT,2,0,,54,
B4-10,GABA,1,16,,54,
B4-10,ACRU,1,0.1,1,54,
B4-10,UNKNOWN,1,0.1,,54,
B4-10,FT,1,16,,54,
B4-10,FT,2,0,,54,
B4-10,FT,3,0,,54,
B4X-1,GABA,1,3,,54,
B4X-1,MOSS,1,0.1,,54,
B4X-1,HAVI,1,1,2,54,
B4X-1,QURU,1,2,1,54,
B2X-10,HAVI,1,0.1,1,55,
B2X-10,TRPL6,1,0.1,,55,
B2X-10,BELE,1,1,1,55,
B2X-10,TORA,1,0.1,,55,
B2X-10,NYSY,1,2,,55,
B2X-10,ACRU,1,0.1,1,55,
B2X-10,FRAM,1,0.1,,55,
B2X-10,HAVI,2,40,,55,
B2X-10,ACSA,3,10,,55,
B2X-10,FT,2,40,,55,
B2X-10,HAVI,3,5,,55,
B2X-10,FT,3,15,,55,
B2X-10,FT,1,33,,55,
B2X-9,EUDI16,1,80,,55,
B2X-9,POPU4,1,4,,55,
B2X-9,LOJA,1,8,,55,
B2X-9,PAQU4,1,0.1,,55,
B2X-9,CAIM,1,0.1,,55,
B2X-9,ACPE,1,3,,55,
B2X-9,QUVE,1,0.1,1,55,
B2X-9,FRAM,1,0.1,,55,
B2X-9,EUAL13,1,0.1,,55,
B2X-9,FT,1,90,,55,
B2X-9,FT,2,0,,55,
B2X-9,FT,3,0,,55,
B2X-8,SOCA,1,6,,55,
B2X-8,EUDI16,1,25,,55,
B2X-8,RUID,1,8,,55,
B2X-8,BETH,1,4,,55,
B2X-8,PRSE,1,0.1,1,55,
B2X-8,PAQU4,1,0.1,,55,
B2X-8,NYSY,1,4,1,55,
B2X-8,LOJA,1,4,,55,
B2X-8,BELE,1,0.1,,55,
B2X-8,FT,1,50,,55,
B2X-8,LITU,2,7,,55,
B2X-8,VITIS,1,1,,55,
B2X-8,FT,2,7,,55,
B2X-8,FT,3,25,,55,
B2X-8,NYSY,3,25,,55,
B2X-7,SOCA,1,7,,55,
B2X-7,POAC,1,1,,55,
B2X-7,EUDI16,1,25,,55,
B2X-7,PAQU4,1,2,,55,
B2-3,MOSS,1,2,,56,
B2-3,NYSY,1,0.1,1,56,
B2-3,TORA,1,0.1,,56,
B2-3,BETH,1,0.1,,56,
B2-3,ACRU,1,0.1,1,56,
B2-3,FT,1,11,,56,
B2-3,FT,2,0,,56,
B2-3,NYSY,3,5,,56,
B2-3,FT,3,5,,56,
B2-6,RUAL,1,5,,56,
B2-6,FRAM,1,3,1,56,
B2-6,PAQU4,1,2,,56,
B2-6,EUDI16,1,1,,56,
B2-6,MIRE,1,2,,56,
B2-6,BETH,1,0.1,,56,
B2-6,MIVI,1,0.1,,56,
B2-6,HAVI,1,0.1,2,56,
B2-6,NYSY,1,2,3,56,
B2-6,CAIM,1,0.1,,56,
B2-6,ACRU,1,0.1,3,56,
B2-6,UNKNOWN,1,0.1,,56,POTENTIALLY RUBUS ALSO STRWABERRY
B2-6,ALPE,1,0.1,,56,
B2-6,FT,1,18,,56,
B2-6,FT,2,0,,56,
B2-6,HAVI,3,30,,56,
B2-6,FT,3,30,,56,
B2-6,RUID,1,4,,56,
B2-6,TINY MYSTERY 2,1,0.1,,56,
B2-6,MOSS,1,1,,56,
B2-8,NYSY,1,0.1,1,56,
B2-8,POAC,1,0.1,,56,
B2-8,FT,1,1,,56,
B2-8,FT,2,0,,56,
B2-8,FT,3,0,,56,
B2-9,QURU,1,0.1,0,56,
B2-9,ACRU,1,0.1,3,56,
B2-9,TORA,1,0.1,,56,
B2-9,VIPR,1,0.1,,56,
B2-9,FT,1,1,,56,
B2-9,FT,2,0,,56,
B2-9,FT,3,0,,56,
B2-5,BETH,1,12,,57,REESTABLISHED PLOT BASED ON MEMORY AND PAST DATA
B2-5,POAC,1,8,,57,
B2-5,PAQU4,1,0.1,,57,
B2-5,MOSS,1,1,,57,
B2-5,TORA2,1,0.1,,57,
B2-5,QURU,1,1,1,57,
B2-5,FRAM,1,0.1,1,57,
B2-5,FT,1,20,,57,
B2-5,HAVI,3,80,,57,
B2-5,FT,2,0,,57,
B2-5,FT,3,80,,57,
B2-7,FRAM,1,2,1,57,
B2-7,NYSY,1,1,2,57,
B2-7,ACRU,1,0.1,2,57,
B2-7,HAVI,3,60,,57,
B2-7,CAIM,1,0.1,,57,
B2-7,FT,1,4,,57,
B2-7,CAPE6,1,1,,57,
B2-7,FT,2,0,,57,
B2-7,FT,3,60,,57,
B2-10,NYSY,1,1,1,57,
B2-10,ACRU,1,0.1,1,57,
B2-10,VIPR,1,0.1,1,57,
B2-10,HAVI,2,30,,57,
B2-10,HAVI,3,65,,57,
B2-10,FT,1,1,,57,
B2-10,FT,2,30,,57,
B2-10,FT,3,65,,57,
B2X-1,EUDI16,1,9,,57,
B2X-1,TORA2,1,0.1,,57,
B2X-1,POAC,1,8,,57,
B2X-1,MIRE,1,0.1,,57,
B2X-1,HAVI,2,15,,57,
B2X-1,HAVI,3,0.1,,57,
B2X-1,FT,1,17,,57,
B2X-1,FT,2,15,,57,
B2X-1,FT,3,0.1,,57,
B1X-5,EUDI,1,4,,58,
B1X-5,MIRE,1,1,,58,
B1X-5,RHCA,1,4,1,58,
B1X-5,MOSS,1,0.1,,58,
B1X-5,ILVE,1,6,2,58,
B1X-5,FRAM,1,0.1,2,58,
B1X-5,UNKNOWN,1,0.1,,58,
B1X-5,ILVE,2,4,,58,
B1X-5,FT,1,16,,58,
B1X-5,FT,2,4,,58,
B1X-5,FT,3,0,,58,
B1X-6,VIPR,1,14,5,58,
B1X-6,PAQU4,1,4,,58,
B1X-6,GAAP2,1,0.1,,58,
B1X-6,EUAL13,1,5,,58,
B1X-6,MOSS,1,0.1,,58,
B1X-6,ARTR,1,0.1,,58,
B1X-6,TORA2,1,1,,58,
B1X-6,SOCA,1,0.1,,58,
B1X-6,FT,1,20,,58,
B1X-6,VIPR,3,30,,58,
B1X-6,FT,2,0,,58,
B1X-6,FT,3,30,,58,
B2-2,GAPA2,1,0.1,,58,
B2-2,ALPE4,1,1,,58,
B2-2,MIVI,1,0.1,,58,
B2-2,CAIM,1,0.1,,58,
B2-2,BETH,1,0.1,,58,
B2-2,NYSY,1,2,2,58,
B2-2,UVSE,1,0.1,,58,
B2-2,MOSS,1,0.1,,58,
B2-2,FRAM,1,0.1,,58,
B2-2,FT,1,5,,58,
B2-2,HAVI,3,2,,58,
B2-2,PIAB,3,2,,58,
B2-2,FT,2,0,,58,
B2-2,FT,3,4,,58,
B2-4,TORA2,1,2,,58,
B2-4,GAAP2,1,3,,58,
B2-4,VIPR,1,4,,58,
B2-4,POAC,1,0.1,,58,
B2-4,ROMU,1,1,,58,
B2-4,MIVI,1,2,,58,
B2-4,MOSS,1,1,,58,
B2-4,ARTR,1,0.1,,58,
B2-4,CAIM,1,0.1,,58,
B2-4,FT,2,0.1,,58,
B2-4,FT,3,0,,58,
B2-4,ROMU,2,0.1,,58,
B1X-9,ACRU,1,0.1,2,59,
B1X-9,MIRE,1,5,,59,
B1X-9,FRAM,1,2,2,59,
B1X-9,CAALE,1,0.1,,59,
B1X-9,GAPA3,1,0.1,,59,
B1X-9,PAQU4,1,1,,59,
B1X-9,NYSY,1,0.1,1,59,
B1X-9,ACSA,1,0.1,1,59,
B1X-9,HAVI,1,0.1,3,59,
B1X-9,MOSS,1,0.1,,59,
B1X-9,PRSE,1,0.1,1,59,
B1X-9,FT,1,22,,59,
B1X-9,EUAL13,2,0.1,,59,
B1X-9,NYSY,2,20,,59,
B1X-9,NYSY,3,16,,59,
B1X-9,FT,2,20,,59,
B1X-9,FT,3,16,,59,
B1X-7,ACRU,1,4,2,59,
B1X-7,MIRE,1,5,,59,
B1X-7,EUDI16,1,2,,59,
B1X-7,FRAM,1,4,2,59,
B1X-7,TRPL6,1,0.1,,59,
B1X-7,VIPR,1,7,7,59,
B1X-7,PAQU2,1,0.1,,59,
B1X-7,GAPA2,1,0.1,,59,
B1X-7,CAREX,1,0.1,,59,
B1X-7,MOSS,1,1,,59,
B1X-7,HAVI,1,2,1,59,
B1X-7,ARTR,1,1,,59,
B1X-7,FT,1,25,,59,
B1X-7,FT,2,0,,59,
B1X-7,FT,3,0,,59,
B2-1,BELE,1,60,,59,
B2-1,HAVI,1,14,,59,
B2-1,MOSS,1,3,,59,
B2-1,FT,1,73,,59,
B2-1,BELE,2,15,,59,
B2-1,HAVI,3,10,,59,
B2-1,VITIS,3,3,,59,
B2-1,FT,2,15,,59,
B2-1,FT,3,13,,59,
B2-3,GAAP2,1,6,,59,
B2-3,MIVI,1,0.1,,59,
B2-3,PAQU2,1,3,,59,
B1X-1,ACRU,1,4,1,60,
B1X-1,FRAM,1,11,3,60,
B1X-1,PAQU,1,2,,60,
B1X-1,QUMO,1,1,1,60,
B1X-1,VIAC,1,10,,60,
B1X-1,GAPA,1,0.1,,60,
B1X-1,BETH,1,0.1,,60,
B1X-1,TORA2,1,0.1,,60,
B1X-1,VIAC,2,2,,60,
B1X-1,FT,1,25,,60,
B1X-1,FT,2,2,,60,
B1X-1,FT,3,0,,60,
B1X-2,EUDI16,1,40,,60,
B1X-2,QUMO,1,2,1,60,
B1X-2,FRAM,1,5,3,60,
B1X-2,PAQU,1,1,,60,
B1X-2,HAVI,1,0.1,1,60,
B1X-2,QURU,1,4,2,60,
B1X-2,OSVI,1,1,,60,
B1X-2,FT,1,52,,60,
B1X-2,FT,2,0,,60,
B1X-2,FT,3,0,,60,
B1X-3,ACRU,1,3,5,60,
B1X-3,PAQU,1,0.1,,60,
B1X-3,MIRE,1,1,,60,
B1X-3,FRAM,1,1,2,60,
B1X-3,HAVI,1,3,3,60,
B1X-3,QURU,1,1,1,60,
B1X-3,CAAL11,1,2,,60,
B1X-3,FT,1,11,,60,
B1X-3,ACSA3,2,4,,60,
B1X-3,FT,2,4,,60,
B1X-3,CADI5,1,1,,60,
B1X-3,ACSA3,3,2,,60,
B1X-3,FT,3,2,,60,
B1X-4,QURU,1,3,2,60,
B1X-4,VIIN,1,8,,60,
B1X-4,PICEA,1,0.1,,60,
B1X-4,MIRE,1,2,,60,
B1X-4,EUAL13,1,0.1,,60,
B1X-4,OSVI,1,0.1,,60,
B1X-4,ACRU,1,3,3,60,
B1X-4,SOCA,1,2,,60,
B1X-4,FRAM,1,0.1,1,60,
B1X-4,TRPL6,1,4,,60,
B1X-4,PAQU,1,1,,60,
B1X-4,VIPR,1,0.1,,60,
B1X-4,ACSA3,3,5,,60,
B1X-4,FT,1,23,,60,
B1X-4,FT,2,0,,60,
B1X-4,FT,3,5,,60,